-- Migración SQLite → Supabase
-- Ejecutar en: Supabase > SQL Editor > New query

-- projects: 11 filas
INSERT INTO projects (id, project_id, name, description, created_date, status, last_tracking_update, country, owner, current_time_per_task, tasks_per_month, staff_count, avg_salary_per_hour, time_reduction_percent, development_hours, development_cost_per_hour, maintenance_monthly, implementation_complexity, risk_level, viability_score, priority, monthly_savings, annual_savings, payback_period_months, roi_first_year, recommendation, initial_development_cost, hours_saved_per_month, actual_monthly_savings, actual_annual_savings, loop_url, repo_url, artifacts_url, artifacts_type, tech_stack, delivery_team, updated_at, closed_at) VALUES ('MX-DDD-0001', 'MX-DDD-0001', 'Actualizacion Macro RCD colgate', '
El proyecto busca asegurar continuidad operativa del reporte mediante la adaptación de los sistemas ara que  pueda leer información de WPO y de MY Worldpanel creando el reporte final como se encuentra el día de hoy ', '2026-03-05T10:16:12.429452', 'executing', NULL, 'MX', 'DDD', 0.84, 13, 1, 25.0, 50.0, 60.0, 7.0, 0.0, 2, 3, 76.0, 'Media-Alta', 136.5, 1638.0, 3.076923076923077, 290.0, 'Proyecto factible. Buen impacto con riesgo controlado.', 420.0, 5.46, NULL, NULL, 'https://loop.cloud.microsoft/join/eyJnIjoiVDBSVFVIeHJkR2RzWW5WakxuTm9ZWEpsY0c5cGJuUXVZMjl0ZkdJaFZFY3liVWd5YmpaeE1GZHNhMXB3YTE5M1YxQkZVWEF5Y214VE5WUldPVXB3WkROcGRIRmliemxSTm5KS1ZrZEJZalprTTFKWlRuaDVkbDgyYURSVlpYd3dNVFpNTjBSRFdFdE5XakpMTjBsUFEwWlVUa2RaTXpkVFNWWlVUVU5HUTBKQyIsImkiOiJtUXNia3VDQWtDb3F6Um04VUhKdyIsInciOiJUMFJUVUh4cmRHZHNZblZqTG5Ob1lYSmxjRzlwYm5RdVkyOXRmR0loVkVjeWJVZ3lialp4TUZkc2ExcHdhMTkzVjFCRlVYQXljbXhUTlZSV09VcHdaRE5wZEhGaWJ6bFJObkpLVmtkQllqWmtNMUpaVG5oNWRsODJhRFJWWlh3d01UWk1OMFJEV0V0TldqSkxOMGxQUTBaVVRrZFpNemRUU1ZaVVRVTkdRMEpDIn0%3D', 'https://dev.azure.com/DataDevelopersNola/Actualizaci%C3%B3n%20Macro%20RCD%20-%20Colgate', '', 'azure_devops', 'python', NULL, '2026-03-05 16:19:32', NULL) ON CONFLICT (id) DO NOTHING;
INSERT INTO projects (id, project_id, name, description, created_date, status, last_tracking_update, country, owner, current_time_per_task, tasks_per_month, staff_count, avg_salary_per_hour, time_reduction_percent, development_hours, development_cost_per_hour, maintenance_monthly, implementation_complexity, risk_level, viability_score, priority, monthly_savings, annual_savings, payback_period_months, roi_first_year, recommendation, initial_development_cost, hours_saved_per_month, actual_monthly_savings, actual_annual_savings, loop_url, repo_url, artifacts_url, artifacts_type, tech_stack, delivery_team, updated_at, closed_at) VALUES ('LA-DDD-0001', 'LA-DDD-0001', 'Client Title PPT', 'Agente de Copilot Chat que permite reducir significativamente el tiempo y la fricción en la interpretación de decks analíticos, convirtiendo datos y slides en mensajes ejecutivos claros, accionables y alineados a preguntas de negocio.
', '2026-03-05T10:49:01.302539', 'executing', NULL, 'LA', 'DDD', 2.0, 100, 15, 25.0, 50.0, 80.0, 15.0, 0.0, 2, 3, 76.0, 'Media-Alta', 37500.0, 450000.0, 0.032, 37400.0, 'Proyecto factible. Buen impacto con riesgo controlado.', 1200.0, 1500.0, NULL, NULL, 'https://loop.cloud.microsoft/join/eyJnIjoiVDBSVFVIeHJkR2RzWW5WakxuTm9ZWEpsY0c5cGJuUXVZMjl0ZkdJaFNrc3RMVWswV2tOWE1HVTJhRFIxTVd3NVMzcFdRelI1VFVOamVscDZXa0p6WjBwRFdtc3dabUZoWW1waGIySkpXVzEwT1ZGS2JVRjZORmhVYUV0RVEzd3dNVWhPTnpOWFQwNVdSa1JaUTFZMlNrZEVUa0ZLTTBOV1V6WXlVMU5aUWxsUSIsImkiOiJCNW52b0ZMeVowNkZMcmM0dmdjQSIsInciOiJUMFJUVUh4cmRHZHNZblZqTG5Ob1lYSmxjRzlwYm5RdVkyOXRmR0loU2tzdExVazBXa05YTUdVMmFEUjFNV3c1UzNwV1F6UjVUVU5qZWxwNldrSnpaMHBEV21zd1ptRmhZbXBoYjJKSldXMTBPVkZLYlVGNk5GaFVhRXRFUTN3d01VaE9Oek5YVDA1V1JrUlpRMVkyU2tkRVRrRktNME5XVXpZeVUxTlpRbGxRIn0%3D', '', 'https://m365.cloud.microsoft:443/chat/?titleId=T_4fb1a221-eef8-b189-f62a-dd454553d513&source=embedded-builder', 'agent', 'agent', NULL, '2026-03-05 21:37:54', NULL) ON CONFLICT (id) DO NOTHING;
INSERT INTO projects (id, project_id, name, description, created_date, status, last_tracking_update, country, owner, current_time_per_task, tasks_per_month, staff_count, avg_salary_per_hour, time_reduction_percent, development_hours, development_cost_per_hour, maintenance_monthly, implementation_complexity, risk_level, viability_score, priority, monthly_savings, annual_savings, payback_period_months, roi_first_year, recommendation, initial_development_cost, hours_saved_per_month, actual_monthly_savings, actual_annual_savings, loop_url, repo_url, artifacts_url, artifacts_type, tech_stack, delivery_team, updated_at, closed_at) VALUES ('LA-DDD-0002', 'LA-DDD-0002', 'Automatización Presentaciones Python', 'Armado de presentaciones semiautomaticas ', '2026-03-06T09:13:59.325254', 'executing', NULL, 'MX', 'DDD', 8.0, 100, 2, 25.0, 40.0, 100.0, 15.0, 0.0, 3, 3, 64.0, 'Media-Alta', 16000.0, 192000.0, 0.09375, 12700.0, 'Proyecto factible. Buen impacto con riesgo controlado.', 1500.0, 640.0, NULL, NULL, 'https://loop.cloud.microsoft/join/eyJnIjoiVDBSVFVIeHJkR2RzWW5WakxuTm9ZWEpsY0c5cGJuUXVZMjl0ZkdJaGNWRkVXWGx3ZUVWemExTkZRbmhuVWpOQlQxZFRRelI1VFVOamVscDZXa0p6WjBwRFdtc3dabUZoWW1waGIySkpXVzEwT1ZGS2JVRjZORmhVYUV0RVEzd3dNVnBDUmxOTVIxaE1RbGxZVTB4U1UwbFRRa05aTkU1VU0xQTNOMVUzUjBGQyIsImkiOiJPdXhVcVBXTllrSzM3MkxhcHd3aUp3IiwidyI6IlQwUlRVSHhyZEdkc1luVmpMbk5vWVhKbGNHOXBiblF1WTI5dGZHSWhjVkZFV1hsd2VFVnphMU5GUW5oblVqTkJUMWRUUXpSNVRVTmplbHA2V2tKelowcERXbXN3Wm1GaFltcGhiMkpKV1cxME9WRktiVUY2TkZoVWFFdEVRM3d3TVZwQ1JsTk1SMWhNUWxsWVUweFNVMGxUUWtOWk5FNVVNMUEzTjFVM1IwRkMifQ%3D%3D?podId=T0RTUHxrdGdsYnVjLnNoYXJlcG9pbnQuY29tfGIhVEcybUgybjZxMFdsa1pwa193V1BFUXAycmxTNVRWOUpwZDNpdHFibzlRNnJKVkdBYjZkM1JZTnh5dl82aDRVZXwwMTZMN0RDWEtNWjJLN0lPQ0ZUTkdZMzdTSVZUTUNGQ0JC', NULL, NULL, NULL, NULL, NULL, '2026-03-09 20:58:15', NULL) ON CONFLICT (id) DO NOTHING;
INSERT INTO projects (id, project_id, name, description, created_date, status, last_tracking_update, country, owner, current_time_per_task, tasks_per_month, staff_count, avg_salary_per_hour, time_reduction_percent, development_hours, development_cost_per_hour, maintenance_monthly, implementation_complexity, risk_level, viability_score, priority, monthly_savings, annual_savings, payback_period_months, roi_first_year, recommendation, initial_development_cost, hours_saved_per_month, actual_monthly_savings, actual_annual_savings, loop_url, repo_url, artifacts_url, artifacts_type, tech_stack, delivery_team, updated_at, closed_at) VALUES ('MX-DDD-0003', 'MX-DDD-0003', 'Automatización Rotaciones MX', '
El Proyecto Rotaciones MX tiene como objetivo estandarizar y automatizar la generación del template de Rotaciones para el cliente Bimbo de México, a partir de archivos provenientes de WPO (Worldpanel Online).
Actualmente, los archivos de entrada de WPO contienen información clave para KPIs y algunos demográficos, pero no incluyen todas las dimensiones requeridas por el template estándar de Rotaciones, lo que genera brechas que deben ser gestionadas mediante reglas claras de negocio y decisiones documentadas.
Este proyecto aplica a múltiples categorías y países, y no se limita a una sola marca o familia de productos.', '2026-03-09T10:25:05.366608', 'implemented', NULL, 'MX', 'DDD', 8.0, 30, 1, 25.0, 40.0, 120.0, 7.0, 0.0, 2, 1, 83.0, 'Alta', 2400.0, 28800.0, 0.35, 3328.5714285714284, 'Proyecto altamente factible. Excelente impacto y baja complejidad.', 840.0, 96.0, NULL, NULL, 'https://loop.cloud.microsoft/join/eyJnIjoiVDBSVFVIeHJkR2RzWW5WakxuTm9ZWEpsY0c5cGJuUXVZMjl0ZkdJaFRXSXlSVTlsVVRSd01GTXhaMk5LT0dsdWJVZHpiSGQ0VWxWRE5IbGtTa2x2Y2xkSFowMVhZV3hGWTNWelRHeFlkbWh6UjFFMU1FVXdaMjQxUlhwc2Rud3dNVEpMVmxWQ1VrMVhUVTlOVFZoUE5qY3pVa2hNVmtOYVdWcEJSRTVUVFV0ViIsImkiOiIzZDVON3FrZFVPN1p6cTB3Y3VBMlEiLCJ3IjoiVDBSVFVIeHJkR2RzWW5WakxuTm9ZWEpsY0c5cGJuUXVZMjl0ZkdJaFRXSXlSVTlsVVRSd01GTXhaMk5LT0dsdWJVZHpiSGQ0VWxWRE5IbGtTa2x2Y2xkSFowMVhZV3hGWTNWelRHeFlkbWh6UjFFMU1FVXdaMjQxUlhwc2Rud3dNVEpMVmxWQ1VrMVhUVTlOVFZoUE5qY3pVa2hNVmtOYVdWcEJSRTVUVFV0ViJ9?podId=T0RTUHxrdGdsYnVjLnNoYXJlcG9pbnQuY29tfGIhVEcybUgybjZxMFdsa1pwa193V1BFUXAycmxTNVRWOUpwZDNpdHFibzlRNnJKVkdBYjZkM1JZTnh5dl82aDRVZXwwMTZMN0RDWEtNWjJLN0lPQ0ZUTkdZMzdTSVZUTUNGQ0JC', 'https://dev.azure.com/DataDevelopersNola/Rotaciones_Bimbo_MX', '', 'azure_devops', 'python', NULL, '2026-04-22 22:46:29', NULL) ON CONFLICT (id) DO NOTHING;
INSERT INTO projects (id, project_id, name, description, created_date, status, last_tracking_update, country, owner, current_time_per_task, tasks_per_month, staff_count, avg_salary_per_hour, time_reduction_percent, development_hours, development_cost_per_hour, maintenance_monthly, implementation_complexity, risk_level, viability_score, priority, monthly_savings, annual_savings, payback_period_months, roi_first_year, recommendation, initial_development_cost, hours_saved_per_month, actual_monthly_savings, actual_annual_savings, loop_url, repo_url, artifacts_url, artifacts_type, tech_stack, delivery_team, updated_at, closed_at) VALUES ('MX-DDD-0004', 'MX-DDD-0004', 'Actualización VBA Walmart Frescos', 'Se necesitan agregar nuevos slides a la macro de Walmart Frescos sin romper la estructura interna de lo que ya se genera. Además de actualizar el template', '2026-03-17T11:49:12.831034', 'executing', NULL, 'MX', 'DDD', 40.0, 1, 2, 25.0, 25.0, 20.0, 7.0, 0.0, 2, 1, 78.0, 'Media-Alta', 500.0, 6000.0, 0.28, 4185.714285714285, 'Proyecto factible. Buen impacto con riesgo controlado.', 140.0, 20.0, NULL, NULL, 'https://loop.cloud.microsoft/join/eyJnIjoiVDBSVFVIeHJkR2RzWW5WakxuTm9ZWEpsY0c5cGJuUXVZMjl0ZkdJaFNsZFpYMUJpVVdSNVZYRnpaVlZKVG1ZMk9VbEZXVTVCYkRoRGMzWjNUbEJvU0d4NE5EUTNVVnBIWjI0MVkwZGpPRjgwT1ZSTVpHaGtNVUpYTFdsNU5ud3dNVXRKTkZaSVFVYzNNa28xUkZsWFVWTklSa1ZKVTBOTFVFSlNOVmxFVmtSYSIsImkiOiJPd3huOGpEekV1ODNranowa3kybHciLCJ3IjoiVDBSVFVIeHJkR2RzWW5WakxuTm9ZWEpsY0c5cGJuUXVZMjl0ZkdJaFNsZFpYMUJpVVdSNVZYRnpaVlZKVG1ZMk9VbEZXVTVCYkRoRGMzWjNUbEJvU0d4NE5EUTNVVnBIWjI0MVkwZGpPRjgwT1ZSTVpHaGtNVUpYTFdsNU5ud3dNVXRKTkZaSVFVYzNNa28xUkZsWFVWTklSa1ZKVTBOTFVFSlNOVmxFVmtSYSJ9', 'https://ktglbuc.sharepoint.com/:f:/r/sites/DDPDevelopers/Proyectos/MX-DDD-004%20Actualizaci%C3%B3n%20VBA%20Walmart%20Frescos?csf=1&web=1&e=35cUIs', '', 'excel_vba', 'vba', NULL, '2026-03-25 22:05:46', NULL) ON CONFLICT (id) DO NOTHING;
INSERT INTO projects (id, project_id, name, description, created_date, status, last_tracking_update, country, owner, current_time_per_task, tasks_per_month, staff_count, avg_salary_per_hour, time_reduction_percent, development_hours, development_cost_per_hour, maintenance_monthly, implementation_complexity, risk_level, viability_score, priority, monthly_savings, annual_savings, payback_period_months, roi_first_year, recommendation, initial_development_cost, hours_saved_per_month, actual_monthly_savings, actual_annual_savings, loop_url, repo_url, artifacts_url, artifacts_type, tech_stack, delivery_team, updated_at, closed_at) VALUES ('HI-DDD-0001', 'HI-DDD-0001', 'SMART INTAKE DM ', 'Implementar un agente inteligente que:

Identifique el tipo de solicitud que el comercial desea enviar.
Realice las preguntas necesarias para recopilar la información completa según las reglas de Data Management.
Genere automáticamente un correo estructurado ± con CC al solicitante hacia la casilla de Data Management.
En fase futura: Complemente o actualice un ticket en Jira para evitar intervención manual.

El agente no procesará información, no validará errores del negocio ni reemplazará actividades propias de Data Management.
Su única función es capturar, validar presencia de datos requeridos y entregar un input completo y útil.', '2026-03-30T10:40:08.493555', 'executing', NULL, 'HI', 'DDD', 30.0, 100, 15, 25.0, 50.0, 120.0, 10.0, 0.0, 4, 3, 62.0, 'Media-Alta', 562500.0, 6750000.0, 0.0021333333333333334, 562400.0, 'Proyecto factible. Buen impacto con riesgo controlado.', 1200.0, 22500.0, NULL, NULL, 'https://loop.cloud.microsoft/join/eyJnIjoiVDBSVFVIeHJkR2RzWW5WakxuTm9ZWEpsY0c5cGJuUXVZMjl0ZkdJaFNVRnhRME54VFhjeWEwODJkRUp4Wm1NdFR6WlFSbWwwYWtJNFJEQnpOVXhxY2t0R1JGbzVWMjFEY1hreFgxUnVZVWR2YUZKYU5YZ3dZM0JIY3pSR1NYd3dNVEkyTkZkYVIweEVSa1pEVXpjeldWRkxRa0ZNVEVSWk1qTTBRa28wTTBsRyIsImkiOiJLRDJ6OEdTb3UwR25XamcxMDZtWkEiLCJ3IjoiVDBSVFVIeHJkR2RzWW5WakxuTm9ZWEpsY0c5cGJuUXVZMjl0ZkdJaFNVRnhRME54VFhjeWEwODJkRUp4Wm1NdFR6WlFSbWwwYWtJNFJEQnpOVXhxY2t0R1JGbzVWMjFEY1hreFgxUnVZVWR2YUZKYU5YZ3dZM0JIY3pSR1NYd3dNVEkyTkZkYVIweEVSa1pEVXpjeldWRkxRa0ZNVEVSWk1qTTBRa28wTTBsRyJ9', NULL, NULL, NULL, NULL, NULL, '2026-03-30 19:17:55', NULL) ON CONFLICT (id) DO NOTHING;
INSERT INTO projects (id, project_id, name, description, created_date, status, last_tracking_update, country, owner, current_time_per_task, tasks_per_month, staff_count, avg_salary_per_hour, time_reduction_percent, development_hours, development_cost_per_hour, maintenance_monthly, implementation_complexity, risk_level, viability_score, priority, monthly_savings, annual_savings, payback_period_months, roi_first_year, recommendation, initial_development_cost, hours_saved_per_month, actual_monthly_savings, actual_annual_savings, loop_url, repo_url, artifacts_url, artifacts_type, tech_stack, delivery_team, updated_at, closed_at) VALUES ('LA-OSCAROCHOA-0001', 'LA-OSCAROCHOA-0001', 'SOP Latam', 'El agente busca transformar el conocimiento operativo disperso en procesos estandarizados y gobernables, centralizados en un repositorio único de consulta para toda la compañía, reduciendo reprocesos, dependencia de personas clave y habilitando eficiencia y automatización a escala LATAM.', '2026-04-13T12:38:23.194068', 'handed_off', NULL, 'LA', 'OSCAROCHOA', 32.0, 200, 60, 25.0, 80.0, 80.0, 24.0, 0.0, 3, 2, 80.0, 'Alta', 7680000.0, 92160000.0, 0.00025, 4799900.0, 'Proyecto altamente factible. Excelente impacto y baja complejidad.', 1920.0, 307200.0, NULL, NULL, NULL, NULL, NULL, NULL, NULL, NULL, '2026-04-13 18:38:23', NULL) ON CONFLICT (id) DO NOTHING;
INSERT INTO projects (id, project_id, name, description, created_date, status, last_tracking_update, country, owner, current_time_per_task, tasks_per_month, staff_count, avg_salary_per_hour, time_reduction_percent, development_hours, development_cost_per_hour, maintenance_monthly, implementation_complexity, risk_level, viability_score, priority, monthly_savings, annual_savings, payback_period_months, roi_first_year, recommendation, initial_development_cost, hours_saved_per_month, actual_monthly_savings, actual_annual_savings, loop_url, repo_url, artifacts_url, artifacts_type, tech_stack, delivery_team, updated_at, closed_at) VALUES ('LA-COPILOT-0001', 'LA-COPILOT-0001', 'Implementación de Copilot', 'Implementación de Copilot Agents en LATAM para optimizar procesos de negocio mediante inteligencia artificial. El programa incluye formación de Champions, identificación de casos de uso priorizados por impacto y viabilidad, y gobernanza distribuida en equipos. Data Developers participa en construcción de agentes propios, soporte a implementaciones de otros equipos, y aseguramiento de gobernanza y mejores prácticas en el uso de IA.', '2026-04-22T21:29:23.461052', 'executing', NULL, 'LA', 'COPILOT', 30.0, 100, 200, 25.0, 35.0, 90.0, 10.0, 0.0, 3, 3, 64.0, 'Media-Alta', 5250000.0, 63000000.0, 0.00017142857142857143, 6999900.0, 'Proyecto factible. Buen impacto con riesgo controlado.', 900.0, 210000.0, NULL, NULL, 'https://loop.cloud.microsoft/join/eyJnIjoiVDBSVFVIeHJkR2RzWW5WakxuTm9ZWEpsY0c5cGJuUXVZMjl0ZkdJaFYzVjJVRU5UTkVGeWF6SXljVTk2TTNKTExVb3RjbmxGWTFsZmEzazRVa3BwTUVsNlRVNVdTbTVTWVhoSk1GZzFTMWhsVlZSWk1XczRhVXBmVlc0NUxYd3dNVU5GTmtsUVRFNU9UVFZYVEVkWVRWQTBVa1JKVFZwTU5saEZXRk5LUWtoSiIsImkiOiJjY041dGRneUVDZmFGdXI0d3ExMXciLCJ3IjoiVDBSVFVIeHJkR2RzWW5WakxuTm9ZWEpsY0c5cGJuUXVZMjl0ZkdJaFYzVjJVRU5UTkVGeWF6SXljVTk2TTNKTExVb3RjbmxGWTFsZmEzazRVa3BwTUVsNlRVNVdTbTVTWVhoSk1GZzFTMWhsVlZSWk1XczRhVXBmVlc0NUxYd3dNVU5GTmtsUVRFNU9UVFZYVEVkWVRWQTBVa1JKVFZwTU5saEZXRk5LUWtoSiJ9', NULL, NULL, NULL, NULL, NULL, '2026-05-20 23:49:59', NULL) ON CONFLICT (id) DO NOTHING;
INSERT INTO projects (id, project_id, name, description, created_date, status, last_tracking_update, country, owner, current_time_per_task, tasks_per_month, staff_count, avg_salary_per_hour, time_reduction_percent, development_hours, development_cost_per_hour, maintenance_monthly, implementation_complexity, risk_level, viability_score, priority, monthly_savings, annual_savings, payback_period_months, roi_first_year, recommendation, initial_development_cost, hours_saved_per_month, actual_monthly_savings, actual_annual_savings, loop_url, repo_url, artifacts_url, artifacts_type, tech_stack, delivery_team, updated_at, closed_at) VALUES ('MX-DDD-0005', 'MX-DDD-0005', 'Automatización Order Forms MWP', 'Eliminar el trabajo manual y repetitivo en la creación de Order Forms, automatizando la traducción de información desde archivos fuente (Package Master / concentrado) hacia Order Forms por cliente y país, de forma escalable y consistente', '2026-04-30T11:01:31.608423', 'executing', NULL, 'MX', 'DDD', 1.0, 10, 5, 25.0, 60.0, 40.0, 15.0, 0.0, 2, 2, 82.0, 'Alta', 750.0, 9000.0, 0.8, 1400.0, 'Proyecto altamente factible. Excelente impacto y baja complejidad.', 600.0, 30.0, NULL, NULL, 'https://loop.cloud.microsoft/join/eyJnIjoiVDBSVFVIeHJkR2RzWW5WakxuTm9ZWEpsY0c5cGJuUXVZMjl0ZkdJaE9FTllaV05sYVhkT01EWnpZWEZPVkZGT2NVOVpNbFYyV0RORlFYUjJXa1Z6WW05WmNVeEtXV3hWUXpOck9ESldkVzlrUzFJMWNuaG5Ua3h0VEdGdFYzd3dNVmt6TTBwRU4wSTNVVEpKV2s1UE4xRklUa1l6UVVjeldFczNUek5ZU0ZsSCIsImkiOiJjQUVPcW9vS0ZVdmphZnU0S1hxQSIsInciOiJUMFJUVUh4cmRHZHNZblZqTG5Ob1lYSmxjRzlwYm5RdVkyOXRmR0loT0VOWVpXTmxhWGRPTURaellYRk9WRkZPY1U5Wk1sVjJXRE5GUVhSMldrVnpZbTlaY1V4S1dXeFZRek5yT0RKV2RXOWtTMUkxY25oblRreHRUR0Z0VjN3d01Wa3pNMHBFTjBJM1VUSkpXazVQTjFGSVRrWXpRVWN6V0VzM1R6TllTRmxIIn0%3D', NULL, NULL, NULL, NULL, NULL, '2026-04-30 17:20:26', NULL) ON CONFLICT (id) DO NOTHING;
INSERT INTO projects (id, project_id, name, description, created_date, status, last_tracking_update, country, owner, current_time_per_task, tasks_per_month, staff_count, avg_salary_per_hour, time_reduction_percent, development_hours, development_cost_per_hour, maintenance_monthly, implementation_complexity, risk_level, viability_score, priority, monthly_savings, annual_savings, payback_period_months, roi_first_year, recommendation, initial_development_cost, hours_saved_per_month, actual_monthly_savings, actual_annual_savings, loop_url, repo_url, artifacts_url, artifacts_type, tech_stack, delivery_team, updated_at, closed_at) VALUES ('MX-DDD-0006', 'MX-DDD-0006', 'Usage OFW Nestlé', 'Desarrollar un dashboard interactivo en Power BI que permita a Nestlé analizar de forma clara, estructurada y automática el desempeño de Usage – One Food World, facilitando la comparación contra el universo y el entendimiento de los drivers de crecimiento o caída. ', '2026-04-30T12:50:18.316375', 'executing', NULL, 'MX', 'DDD', 40.0, 1, 1, 25.0, 50.0, 40.0, 15.0, 0.0, 3, 2, 75.0, 'Media-Alta', 500.0, 6000.0, 1.2, 900.0, 'Proyecto factible. Buen impacto con riesgo controlado.', 600.0, 20.0, NULL, NULL, 'https://loop.cloud.microsoft/join/eyJnIjoiVDBSVFVIeHJkR2RzWW5WakxuTm9ZWEpsY0c5cGJuUXVZMjl0ZkdJaFFXTXhZVVk1VHpkaWExZHdiMVJhVVRKWlIxQjZNbFYyV0RORlFYUjJXa1Z6WW05WmNVeEtXV3hWUXpOck9ESldkVzlrUzFJMWNuaG5Ua3h0VEdGdFYzd3dNVkZCUVVKR1NVUk5VVGRNTkUxQk1qYzJSa1JaVGxCVFZUWk5NMVJQUzFSQyIsImkiOiI5VU83eUczb0EwR21OT1R5MDluRWJRIiwidyI6IlQwUlRVSHhyZEdkc1luVmpMbk5vWVhKbGNHOXBiblF1WTI5dGZHSWhRV014WVVZNVR6ZGlhMWR3YjFSYVVUSlpSMUI2TWxWMldETkZRWFIyV2tWelltOVpjVXhLV1d4VlF6TnJPREpXZFc5a1MxSTFjbmhuVGt4dFRHRnRWM3d3TVZGQlFVSkdTVVJOVVRkTU5FMUJNamMyUmtSWlRsQlRWVFpOTTFSUFMxUkMifQ%3D%3D', NULL, NULL, NULL, NULL, NULL, '2026-04-30 19:01:22', NULL) ON CONFLICT (id) DO NOTHING;
INSERT INTO projects (id, project_id, name, description, created_date, status, last_tracking_update, country, owner, current_time_per_task, tasks_per_month, staff_count, avg_salary_per_hour, time_reduction_percent, development_hours, development_cost_per_hour, maintenance_monthly, implementation_complexity, risk_level, viability_score, priority, monthly_savings, annual_savings, payback_period_months, roi_first_year, recommendation, initial_development_cost, hours_saved_per_month, actual_monthly_savings, actual_annual_savings, loop_url, repo_url, artifacts_url, artifacts_type, tech_stack, delivery_team, updated_at, closed_at) VALUES ('LA-DDD-0003', 'LA-DDD-0003', 'Knowledge MD Layer', 'Automatización de consolidación de  metadatos (MDs) para agentes Copilot.   Batch nocturno que corre automáticamente a las 2 AM, reportes semanales y  validación de calidad. Elimina trabajo manual de revisión de datos.', '2026-05-20T18:21:28.198753', 'evaluated', NULL, 'LA', 'DDD', 1.5, 80, 70, 25.0, 75.0, 250.0, 10.0, 10.0, 4, 4, 61.0, 'Media-Alta', 157500.0, 1890000.0, 0.015874023747539528, 75495.2, 'Proyecto factible. Buen impacto con riesgo controlado.', 2500.0, 6300.0, NULL, NULL, NULL, NULL, NULL, NULL, NULL, NULL, '2026-05-21 00:21:28', NULL) ON CONFLICT (id) DO NOTHING;

-- project_notes: 279 filas
INSERT INTO project_notes (note_id, project_id, note_text, note_type, author, tags, is_private, created_at, entry_group_id, note_title, progress_percent, estimated_end_date, effort_hours) VALUES (1, 'MX-DDD-0001', 'Alinear a todos los stakeholders sobre el objetivo, alcance y reporte esperado del proyecto.', 'general', 'Xiomara Monroy', '', 0, '2026-02-20 16:19:32', '8a350128579148148e502a0a8d9ac63d', '/start', 0, '2026-04-17', 2.0) ON CONFLICT (note_id) DO NOTHING;
INSERT INTO project_notes (note_id, project_id, note_text, note_type, author, tags, is_private, created_at, entry_group_id, note_title, progress_percent, estimated_end_date, effort_hours) VALUES (2, 'MX-DDD-0001', 'Comprender la estructura, contenido y variabilidad del nuevo input MYWorldpanel antes de cualquier implementación.', 'proximo_paso', 'Xiomara Monroy', '', 0, '2026-02-20 16:19:32', '8a350128579148148e502a0a8d9ac63d', '/start', 0, '2026-04-17', NULL) ON CONFLICT (note_id) DO NOTHING;
INSERT INTO project_notes (note_id, project_id, note_text, note_type, author, tags, is_private, created_at, entry_group_id, note_title, progress_percent, estimated_end_date, effort_hours) VALUES (3, 'MX-DDD-0001', 'ninguno', 'bloqueador', 'Xiomara Monroy', '', 0, '2026-02-20 16:19:32', '8a350128579148148e502a0a8d9ac63d', '/start', 0, '2026-04-17', NULL) ON CONFLICT (note_id) DO NOTHING;
INSERT INTO project_notes (note_id, project_id, note_text, note_type, author, tags, is_private, created_at, entry_group_id, note_title, progress_percent, estimated_end_date, effort_hours) VALUES (4, 'MX-DDD-0001', 'ninguno', 'riesgo', 'Xiomara Monroy', '', 0, '2026-02-20 16:19:32', '8a350128579148148e502a0a8d9ac63d', '/start', 0, '2026-04-17', NULL) ON CONFLICT (note_id) DO NOTHING;
INSERT INTO project_notes (note_id, project_id, note_text, note_type, author, tags, is_private, created_at, entry_group_id, note_title, progress_percent, estimated_end_date, effort_hours) VALUES (5, 'MX-DDD-0001', 'Comprender la estructura, contenido y variabilidad del nuevo input MYWorldpanel antes de cualquier implementación.', 'general', 'Carlos Montiel', '', 0, '2026-03-03 16:19:59', '1f7abc34078e4d6185f72950c20ad47b', '/start', 55, NULL, 3.0) ON CONFLICT (note_id) DO NOTHING;
INSERT INTO project_notes (note_id, project_id, note_text, note_type, author, tags, is_private, created_at, entry_group_id, note_title, progress_percent, estimated_end_date, effort_hours) VALUES (6, 'MX-DDD-0001', 'Evaluar la salud, complejidad y riesgo del VBA existente para dimensionar impacto del cambio.', 'proximo_paso', 'Xiomara Monroy', '', 0, '2026-03-03 16:19:59', '1f7abc34078e4d6185f72950c20ad47b', '/start', 55, NULL, NULL) ON CONFLICT (note_id) DO NOTHING;
INSERT INTO project_notes (note_id, project_id, note_text, note_type, author, tags, is_private, created_at, entry_group_id, note_title, progress_percent, estimated_end_date, effort_hours) VALUES (7, 'MX-DDD-0001', 'ninguno', 'bloqueador', 'Xiomara Monroy', '', 0, '2026-03-03 16:19:59', '1f7abc34078e4d6185f72950c20ad47b', '/start', 55, NULL, NULL) ON CONFLICT (note_id) DO NOTHING;
INSERT INTO project_notes (note_id, project_id, note_text, note_type, author, tags, is_private, created_at, entry_group_id, note_title, progress_percent, estimated_end_date, effort_hours) VALUES (8, 'MX-DDD-0001', 'ninguno', 'riesgo', 'Xiomara Monroy', '', 0, '2026-03-03 16:19:59', '1f7abc34078e4d6185f72950c20ad47b', '/start', 55, NULL, NULL) ON CONFLICT (note_id) DO NOTHING;
INSERT INTO project_notes (note_id, project_id, note_text, note_type, author, tags, is_private, created_at, entry_group_id, note_title, progress_percent, estimated_end_date, effort_hours) VALUES (9, 'MX-DDD-0001', 'Evaluar la salud, complejidad y riesgo del VBA existente para dimensionar impacto del cambio.', 'general', 'Carlos Montiel', '', 0, '2026-02-25 16:19:59', '202eacde39194eb39af5043c7fd72544', '', 10, NULL, 3.0) ON CONFLICT (note_id) DO NOTHING;
INSERT INTO project_notes (note_id, project_id, note_text, note_type, author, tags, is_private, created_at, entry_group_id, note_title, progress_percent, estimated_end_date, effort_hours) VALUES (10, 'MX-DDD-0001', 'Tomar una decisión técnica informada, documentada y aprobada sobre el enfoque de implementación', 'proximo_paso', 'Xiomara Monroy', '', 0, '2026-02-25 16:19:59', '202eacde39194eb39af5043c7fd72544', '', 10, NULL, NULL) ON CONFLICT (note_id) DO NOTHING;
INSERT INTO project_notes (note_id, project_id, note_text, note_type, author, tags, is_private, created_at, entry_group_id, note_title, progress_percent, estimated_end_date, effort_hours) VALUES (11, 'MX-DDD-0001', 'ninguno', 'bloqueador', 'Xiomara Monroy', '', 0, '2026-02-25 16:19:59', '202eacde39194eb39af5043c7fd72544', '', 10, NULL, NULL) ON CONFLICT (note_id) DO NOTHING;
INSERT INTO project_notes (note_id, project_id, note_text, note_type, author, tags, is_private, created_at, entry_group_id, note_title, progress_percent, estimated_end_date, effort_hours) VALUES (12, 'MX-DDD-0001', 'ninguno', 'riesgo', 'Xiomara Monroy', '', 0, '2026-02-25 16:19:59', '202eacde39194eb39af5043c7fd72544', '', 10, NULL, NULL) ON CONFLICT (note_id) DO NOTHING;
INSERT INTO project_notes (note_id, project_id, note_text, note_type, author, tags, is_private, created_at, entry_group_id, note_title, progress_percent, estimated_end_date, effort_hours) VALUES (13, 'MX-DDD-0001', 'Decisión: Implementación principal en Python. 
Estado de la vía alterna: Habilitada (generación de archivo en formato legado para Macro VBA). 
Motivación breve: mantenibilidad, escalabilidad, compatibilidad con nuevos insumos (MyWorldpanel), tiempos de ciclo, y control de calidad. 
Fecha de decisión: (mar, 24 feb). 
Enlace al ADR (ver #5).', 'general', 'Carlos Montiel', '', 0, '2026-03-02 16:19:59', '2e399d22369b41c886a8b807d9b96468', '', 40, NULL, 1.0) ON CONFLICT (note_id) DO NOTHING;
INSERT INTO project_notes (note_id, project_id, note_text, note_type, author, tags, is_private, created_at, entry_group_id, note_title, progress_percent, estimated_end_date, effort_hours) VALUES (14, 'MX-DDD-0001', 'Construir una automatización robusta y mantenible compatible con My Worldpanel.', 'proximo_paso', 'Xiomara Monroy', '', 0, '2026-03-02 16:19:59', '2e399d22369b41c886a8b807d9b96468', '', 40, NULL, NULL) ON CONFLICT (note_id) DO NOTHING;
INSERT INTO project_notes (note_id, project_id, note_text, note_type, author, tags, is_private, created_at, entry_group_id, note_title, progress_percent, estimated_end_date, effort_hours) VALUES (15, 'MX-DDD-0001', 'ninguno', 'bloqueador', 'Xiomara Monroy', '', 0, '2026-03-02 16:19:59', '2e399d22369b41c886a8b807d9b96468', '', 40, NULL, NULL) ON CONFLICT (note_id) DO NOTHING;
INSERT INTO project_notes (note_id, project_id, note_text, note_type, author, tags, is_private, created_at, entry_group_id, note_title, progress_percent, estimated_end_date, effort_hours) VALUES (16, 'MX-DDD-0001', 'ninguno', 'riesgo', 'Xiomara Monroy', '', 0, '2026-03-02 16:19:59', '2e399d22369b41c886a8b807d9b96468', '', 40, NULL, NULL) ON CONFLICT (note_id) DO NOTHING;
INSERT INTO project_notes (note_id, project_id, note_text, note_type, author, tags, is_private, created_at, entry_group_id, note_title, progress_percent, estimated_end_date, effort_hours) VALUES (17, 'LA-DDD-0001', 'comienzo del proyecto.Definición del objetivo del agente, alcance y enfoque de valor (pensar el deck como director de negocio).', 'general', 'Xiomara Monroy', '', 0, '2025-11-20 13:37:54', '3f29a015ccff4feb918caa48182c4472', '/start', 0, '2026-07-31', 1.0) ON CONFLICT (note_id) DO NOTHING;
INSERT INTO project_notes (note_id, project_id, note_text, note_type, author, tags, is_private, created_at, entry_group_id, note_title, progress_percent, estimated_end_date, effort_hours) VALUES (18, 'LA-DDD-0001', 'Diseño de los primeros prompts y reglas del agente. Definición de la estructura de títulos estratégicos, descriptivos y storytelling.', 'proximo_paso', 'Xiomara Monroy', '', 0, '2025-11-20 13:37:54', '3f29a015ccff4feb918caa48182c4472', '/start', 0, '2026-07-31', NULL) ON CONFLICT (note_id) DO NOTHING;
INSERT INTO project_notes (note_id, project_id, note_text, note_type, author, tags, is_private, created_at, entry_group_id, note_title, progress_percent, estimated_end_date, effort_hours) VALUES (19, 'LA-DDD-0001', 'entendimiento de la estructura de título', 'bloqueador', 'Xiomara Monroy', '', 0, '2025-11-20 13:37:54', '3f29a015ccff4feb918caa48182c4472', '/start', 0, '2026-07-31', NULL) ON CONFLICT (note_id) DO NOTHING;
INSERT INTO project_notes (note_id, project_id, note_text, note_type, author, tags, is_private, created_at, entry_group_id, note_title, progress_percent, estimated_end_date, effort_hours) VALUES (20, 'LA-DDD-0001', 'ninguna', 'riesgo', 'Xiomara Monroy', '', 0, '2025-11-20 13:37:54', '3f29a015ccff4feb918caa48182c4472', '/start', 0, '2026-07-31', NULL) ON CONFLICT (note_id) DO NOTHING;
INSERT INTO project_notes (note_id, project_id, note_text, note_type, author, tags, is_private, created_at, entry_group_id, note_title, progress_percent, estimated_end_date, effort_hours) VALUES (25, 'LA-DDD-0001', 'Diseño de los primeros prompts y reglas del agente. Definición de la estructura de títulos estratégicos, descriptivos y storytelling.', 'general', 'Xiomara Monroy', '', 0, '2025-12-05 21:39:11', '2a11c0bba300483bb28bd670f7a51a6e', '', 10, NULL, 1.0) ON CONFLICT (note_id) DO NOTHING;
INSERT INTO project_notes (note_id, project_id, note_text, note_type, author, tags, is_private, created_at, entry_group_id, note_title, progress_percent, estimated_end_date, effort_hours) VALUES (26, 'LA-DDD-0001', 'Uso del agente en decks reales para validar claridad, utilidad y ahorro de tiempo.', 'proximo_paso', 'Xiomara Monroy', '', 0, '2025-12-05 21:39:11', '2a11c0bba300483bb28bd670f7a51a6e', '', 10, NULL, NULL) ON CONFLICT (note_id) DO NOTHING;
INSERT INTO project_notes (note_id, project_id, note_text, note_type, author, tags, is_private, created_at, entry_group_id, note_title, progress_percent, estimated_end_date, effort_hours) VALUES (27, 'LA-DDD-0001', 'ninguna', 'bloqueador', 'Xiomara Monroy', '', 0, '2025-12-05 21:39:11', '2a11c0bba300483bb28bd670f7a51a6e', '', 10, NULL, NULL) ON CONFLICT (note_id) DO NOTHING;
INSERT INTO project_notes (note_id, project_id, note_text, note_type, author, tags, is_private, created_at, entry_group_id, note_title, progress_percent, estimated_end_date, effort_hours) VALUES (28, 'LA-DDD-0001', 'ninguna', 'riesgo', 'Xiomara Monroy', '', 0, '2025-12-05 21:39:11', '2a11c0bba300483bb28bd670f7a51a6e', '', 10, NULL, NULL) ON CONFLICT (note_id) DO NOTHING;
INSERT INTO project_notes (note_id, project_id, note_text, note_type, author, tags, is_private, created_at, entry_group_id, note_title, progress_percent, estimated_end_date, effort_hours) VALUES (29, 'LA-DDD-0001', 'Uso del agente en decks reales para validar claridad, utilidad y ahorro de tiempo.', 'general', 'Xiomara Monroy', '', 0, '2026-01-15 21:40:44', '5729dbdba3aa4ed296c94232aafefcab', '', 20, NULL, 0.5) ON CONFLICT (note_id) DO NOTHING;
INSERT INTO project_notes (note_id, project_id, note_text, note_type, author, tags, is_private, created_at, entry_group_id, note_title, progress_percent, estimated_end_date, effort_hours) VALUES (30, 'LA-DDD-0001', 'Recolectar feedback', 'proximo_paso', 'Xiomara Monroy', '', 0, '2026-01-15 21:40:44', '5729dbdba3aa4ed296c94232aafefcab', '', 20, NULL, NULL) ON CONFLICT (note_id) DO NOTHING;
INSERT INTO project_notes (note_id, project_id, note_text, note_type, author, tags, is_private, created_at, entry_group_id, note_title, progress_percent, estimated_end_date, effort_hours) VALUES (31, 'LA-DDD-0001', 'ninguna', 'bloqueador', 'Xiomara Monroy', '', 0, '2026-01-15 21:40:44', '5729dbdba3aa4ed296c94232aafefcab', '', 20, NULL, NULL) ON CONFLICT (note_id) DO NOTHING;
INSERT INTO project_notes (note_id, project_id, note_text, note_type, author, tags, is_private, created_at, entry_group_id, note_title, progress_percent, estimated_end_date, effort_hours) VALUES (32, 'LA-DDD-0001', 'ninguna', 'riesgo', 'Xiomara Monroy', '', 0, '2026-01-15 21:40:44', '5729dbdba3aa4ed296c94232aafefcab', '', 20, NULL, NULL) ON CONFLICT (note_id) DO NOTHING;
INSERT INTO project_notes (note_id, project_id, note_text, note_type, author, tags, is_private, created_at, entry_group_id, note_title, progress_percent, estimated_end_date, effort_hours) VALUES (33, 'LA-DDD-0001', 'Ajuste de tono ejecutivo, consistencia de mensajes y mejora de outputs', 'general', 'Xiomara Monroy', '', 0, '2026-02-05 21:40:44', '9da9d7e49d454d84b7af903a2b94af71', '', 50, NULL, 0.5) ON CONFLICT (note_id) DO NOTHING;
INSERT INTO project_notes (note_id, project_id, note_text, note_type, author, tags, is_private, created_at, entry_group_id, note_title, progress_percent, estimated_end_date, effort_hours) VALUES (34, 'LA-DDD-0001', 'Recolectar feedback', 'proximo_paso', 'Xiomara Monroy', '', 0, '2026-02-05 21:40:44', '9da9d7e49d454d84b7af903a2b94af71', '', 50, NULL, NULL) ON CONFLICT (note_id) DO NOTHING;
INSERT INTO project_notes (note_id, project_id, note_text, note_type, author, tags, is_private, created_at, entry_group_id, note_title, progress_percent, estimated_end_date, effort_hours) VALUES (35, 'LA-DDD-0001', 'ninguna', 'bloqueador', 'Xiomara Monroy', '', 0, '2026-02-05 21:40:44', '9da9d7e49d454d84b7af903a2b94af71', '', 50, NULL, NULL) ON CONFLICT (note_id) DO NOTHING;
INSERT INTO project_notes (note_id, project_id, note_text, note_type, author, tags, is_private, created_at, entry_group_id, note_title, progress_percent, estimated_end_date, effort_hours) VALUES (36, 'LA-DDD-0001', 'ninguna', 'riesgo', 'Xiomara Monroy', '', 0, '2026-02-05 21:40:44', '9da9d7e49d454d84b7af903a2b94af71', '', 50, NULL, NULL) ON CONFLICT (note_id) DO NOTHING;
INSERT INTO project_notes (note_id, project_id, note_text, note_type, author, tags, is_private, created_at, entry_group_id, note_title, progress_percent, estimated_end_date, effort_hours) VALUES (37, 'LA-DDD-0001', 'Piloto a mayor escala con el equipo comercial de CAM y equipos seleccionados de Colombia.', 'general', 'Xiomara Monroy', '', 0, '2026-03-05 21:40:59', '24d7cb978ed946c880f1d327ace3dd3e', '', 70, NULL, 1.0) ON CONFLICT (note_id) DO NOTHING;
INSERT INTO project_notes (note_id, project_id, note_text, note_type, author, tags, is_private, created_at, entry_group_id, note_title, progress_percent, estimated_end_date, effort_hours) VALUES (38, 'LA-DDD-0001', 'Recolectar feedback', 'proximo_paso', 'Xiomara Monroy', '', 0, '2026-03-05 21:40:59', '24d7cb978ed946c880f1d327ace3dd3e', '', 70, NULL, NULL) ON CONFLICT (note_id) DO NOTHING;
INSERT INTO project_notes (note_id, project_id, note_text, note_type, author, tags, is_private, created_at, entry_group_id, note_title, progress_percent, estimated_end_date, effort_hours) VALUES (39, 'LA-DDD-0001', 'ninguna', 'bloqueador', 'Xiomara Monroy', '', 0, '2026-03-05 21:40:59', '24d7cb978ed946c880f1d327ace3dd3e', '', 70, NULL, NULL) ON CONFLICT (note_id) DO NOTHING;
INSERT INTO project_notes (note_id, project_id, note_text, note_type, author, tags, is_private, created_at, entry_group_id, note_title, progress_percent, estimated_end_date, effort_hours) VALUES (40, 'LA-DDD-0001', 'ninguna', 'riesgo', 'Xiomara Monroy', '', 0, '2026-03-05 21:40:59', '24d7cb978ed946c880f1d327ace3dd3e', '', 70, NULL, NULL) ON CONFLICT (note_id) DO NOTHING;
INSERT INTO project_notes (note_id, project_id, note_text, note_type, author, tags, is_private, created_at, entry_group_id, note_title, progress_percent, estimated_end_date, effort_hours) VALUES (45, 'LA-DDD-0002', 'Kick-off y Definición', 'general', 'Xiomara Monroy', '', 0, '2026-01-30 20:58:15', '26736f785cee4a149f6ff56cf645d411', '', 0, '2026-01-30', 1.0) ON CONFLICT (note_id) DO NOTHING;
INSERT INTO project_notes (note_id, project_id, note_text, note_type, author, tags, is_private, created_at, entry_group_id, note_title, progress_percent, estimated_end_date, effort_hours) VALUES (46, 'LA-DDD-0002', 'Diseño del Framework Base', 'proximo_paso', 'Xiomara Monroy', '', 0, '2026-01-30 20:58:15', '26736f785cee4a149f6ff56cf645d411', '', 0, '2026-01-30', NULL) ON CONFLICT (note_id) DO NOTHING;
INSERT INTO project_notes (note_id, project_id, note_text, note_type, author, tags, is_private, created_at, entry_group_id, note_title, progress_percent, estimated_end_date, effort_hours) VALUES (47, 'LA-DDD-0002', 'ninguno', 'bloqueador', 'Xiomara Monroy', '', 0, '2026-01-30 20:58:15', '26736f785cee4a149f6ff56cf645d411', '', 0, '2026-01-30', NULL) ON CONFLICT (note_id) DO NOTHING;
INSERT INTO project_notes (note_id, project_id, note_text, note_type, author, tags, is_private, created_at, entry_group_id, note_title, progress_percent, estimated_end_date, effort_hours) VALUES (48, 'LA-DDD-0002', 'ninguno', 'riesgo', 'Xiomara Monroy', '', 0, '2026-01-30 20:58:15', '26736f785cee4a149f6ff56cf645d411', '', 0, '2026-01-30', NULL) ON CONFLICT (note_id) DO NOTHING;
INSERT INTO project_notes (note_id, project_id, note_text, note_type, author, tags, is_private, created_at, entry_group_id, note_title, progress_percent, estimated_end_date, effort_hours) VALUES (49, 'LA-DDD-0002', 'Diseño del Framework Base', 'general', 'Xiomara Monroy', '', 0, '2026-02-07 20:59:31', 'd52ea0171432445e83a4645db40488c2', '', 10, '2026-02-07', 4.0) ON CONFLICT (note_id) DO NOTHING;
INSERT INTO project_notes (note_id, project_id, note_text, note_type, author, tags, is_private, created_at, entry_group_id, note_title, progress_percent, estimated_end_date, effort_hours) VALUES (50, 'LA-DDD-0002', 'Implementación Parte 1 (Presentaciones Fijas', 'proximo_paso', 'Xiomara Monroy', '', 0, '2026-02-07 20:59:31', 'd52ea0171432445e83a4645db40488c2', '', 10, '2026-02-07', NULL) ON CONFLICT (note_id) DO NOTHING;
INSERT INTO project_notes (note_id, project_id, note_text, note_type, author, tags, is_private, created_at, entry_group_id, note_title, progress_percent, estimated_end_date, effort_hours) VALUES (51, 'LA-DDD-0002', 'ninguno', 'bloqueador', 'Xiomara Monroy', '', 0, '2026-02-07 20:59:31', 'd52ea0171432445e83a4645db40488c2', '', 10, '2026-02-07', NULL) ON CONFLICT (note_id) DO NOTHING;
INSERT INTO project_notes (note_id, project_id, note_text, note_type, author, tags, is_private, created_at, entry_group_id, note_title, progress_percent, estimated_end_date, effort_hours) VALUES (52, 'LA-DDD-0002', 'ninguno', 'riesgo', 'Xiomara Monroy', '', 0, '2026-02-07 20:59:31', 'd52ea0171432445e83a4645db40488c2', '', 10, '2026-02-07', NULL) ON CONFLICT (note_id) DO NOTHING;
INSERT INTO project_notes (note_id, project_id, note_text, note_type, author, tags, is_private, created_at, entry_group_id, note_title, progress_percent, estimated_end_date, effort_hours) VALUES (53, 'LA-DDD-0002', 'Implementación Parte 1 (Presentaciones Fijas) - coppel', 'general', 'Xiomara Monroy', '', 0, '2026-02-17 21:01:08', '809ddba728934aa6b9f3ea7e5b592e25', '', 40, '2026-02-17', 35.0) ON CONFLICT (note_id) DO NOTHING;
INSERT INTO project_notes (note_id, project_id, note_text, note_type, author, tags, is_private, created_at, entry_group_id, note_title, progress_percent, estimated_end_date, effort_hours) VALUES (54, 'LA-DDD-0002', 'Specs de coppel - configuración', 'proximo_paso', 'Xiomara Monroy', '', 0, '2026-02-17 21:01:08', '809ddba728934aa6b9f3ea7e5b592e25', '', 40, '2026-02-17', NULL) ON CONFLICT (note_id) DO NOTHING;
INSERT INTO project_notes (note_id, project_id, note_text, note_type, author, tags, is_private, created_at, entry_group_id, note_title, progress_percent, estimated_end_date, effort_hours) VALUES (55, 'LA-DDD-0002', 'ninguno', 'bloqueador', 'Xiomara Monroy', '', 0, '2026-02-17 21:01:08', '809ddba728934aa6b9f3ea7e5b592e25', '', 40, '2026-02-17', NULL) ON CONFLICT (note_id) DO NOTHING;
INSERT INTO project_notes (note_id, project_id, note_text, note_type, author, tags, is_private, created_at, entry_group_id, note_title, progress_percent, estimated_end_date, effort_hours) VALUES (56, 'LA-DDD-0002', 'ninguno', 'riesgo', 'Xiomara Monroy', '', 0, '2026-02-17 21:01:08', '809ddba728934aa6b9f3ea7e5b592e25', '', 40, '2026-02-17', NULL) ON CONFLICT (note_id) DO NOTHING;
INSERT INTO project_notes (note_id, project_id, note_text, note_type, author, tags, is_private, created_at, entry_group_id, note_title, progress_percent, estimated_end_date, effort_hours) VALUES (57, 'LA-DDD-0002', 'Se termina la primera parte con la semi automatizacion de coppel', 'general', 'Xiomara Monroy', '', 0, '2026-02-23 21:01:44', 'c6f86fc312e34d3386d5544406e98fcc', '', 50, '2026-02-23', 35.0) ON CONFLICT (note_id) DO NOTHING;
INSERT INTO project_notes (note_id, project_id, note_text, note_type, author, tags, is_private, created_at, entry_group_id, note_title, progress_percent, estimated_end_date, effort_hours) VALUES (58, 'LA-DDD-0002', 'sigue la parte de insertar tablas y texto en Coppel', 'proximo_paso', 'Xiomara Monroy', '', 0, '2026-02-23 21:01:44', 'c6f86fc312e34d3386d5544406e98fcc', '', 50, '2026-02-23', NULL) ON CONFLICT (note_id) DO NOTHING;
INSERT INTO project_notes (note_id, project_id, note_text, note_type, author, tags, is_private, created_at, entry_group_id, note_title, progress_percent, estimated_end_date, effort_hours) VALUES (59, 'LA-DDD-0002', 'ninguno', 'bloqueador', 'Xiomara Monroy', '', 0, '2026-02-23 21:01:44', 'c6f86fc312e34d3386d5544406e98fcc', '', 50, '2026-02-23', NULL) ON CONFLICT (note_id) DO NOTHING;
INSERT INTO project_notes (note_id, project_id, note_text, note_type, author, tags, is_private, created_at, entry_group_id, note_title, progress_percent, estimated_end_date, effort_hours) VALUES (60, 'LA-DDD-0002', 'ninguno', 'riesgo', 'Xiomara Monroy', '', 0, '2026-02-23 21:01:44', 'c6f86fc312e34d3386d5544406e98fcc', '', 50, '2026-02-23', NULL) ON CONFLICT (note_id) DO NOTHING;
INSERT INTO project_notes (note_id, project_id, note_text, note_type, author, tags, is_private, created_at, entry_group_id, note_title, progress_percent, estimated_end_date, effort_hours) VALUES (61, 'MX-DDD-0001', 'ya se programó la parte importante de los reportes y ya lee outputs de MWP. Esta en proceso de revisión por parte de DD', 'general', 'Carlos Montiel', '', 0, '2026-03-09 21:04:02', 'a872f0850cdf470db15007db02d29f92', '', 70, 'None', 8.0) ON CONFLICT (note_id) DO NOTHING;
INSERT INTO project_notes (note_id, project_id, note_text, note_type, author, tags, is_private, created_at, entry_group_id, note_title, progress_percent, estimated_end_date, effort_hours) VALUES (62, 'MX-DDD-0001', 'Feedback de D&D', 'proximo_paso', 'Xiomara Monroy', '', 0, '2026-03-09 21:04:02', 'a872f0850cdf470db15007db02d29f92', '', 70, 'None', NULL) ON CONFLICT (note_id) DO NOTHING;
INSERT INTO project_notes (note_id, project_id, note_text, note_type, author, tags, is_private, created_at, entry_group_id, note_title, progress_percent, estimated_end_date, effort_hours) VALUES (63, 'MX-DDD-0001', 'ninguno', 'bloqueador', 'Xiomara Monroy', '', 0, '2026-03-09 21:04:02', 'a872f0850cdf470db15007db02d29f92', '', 70, 'None', NULL) ON CONFLICT (note_id) DO NOTHING;
INSERT INTO project_notes (note_id, project_id, note_text, note_type, author, tags, is_private, created_at, entry_group_id, note_title, progress_percent, estimated_end_date, effort_hours) VALUES (64, 'MX-DDD-0001', 'ninguno', 'riesgo', 'Xiomara Monroy', '', 0, '2026-03-09 21:04:02', 'a872f0850cdf470db15007db02d29f92', '', 70, 'None', NULL) ON CONFLICT (note_id) DO NOTHING;
INSERT INTO project_notes (note_id, project_id, note_text, note_type, author, tags, is_private, created_at, entry_group_id, note_title, progress_percent, estimated_end_date, effort_hours) VALUES (65, 'MX-DDD-0003', 'Idea y Exploración de lo que se requiere', 'general', 'Luis Astudillo', '', 0, '2026-02-20 22:55:05', '267e62c1a9f34f5392ea3096033d0551', '', 0, '2026-04-03', 3.0) ON CONFLICT (note_id) DO NOTHING;
INSERT INTO project_notes (note_id, project_id, note_text, note_type, author, tags, is_private, created_at, entry_group_id, note_title, progress_percent, estimated_end_date, effort_hours) VALUES (66, 'MX-DDD-0003', 'Analizar estructura WPO y brechas vs Rotaciones', 'proximo_paso', 'Xiomara Monroy', '', 0, '2026-02-20 22:55:05', '267e62c1a9f34f5392ea3096033d0551', '', 0, '2026-04-03', NULL) ON CONFLICT (note_id) DO NOTHING;
INSERT INTO project_notes (note_id, project_id, note_text, note_type, author, tags, is_private, created_at, entry_group_id, note_title, progress_percent, estimated_end_date, effort_hours) VALUES (67, 'MX-DDD-0003', 'ninguno', 'bloqueador', 'Xiomara Monroy', '', 0, '2026-02-20 22:55:05', '267e62c1a9f34f5392ea3096033d0551', '', 0, '2026-04-03', NULL) ON CONFLICT (note_id) DO NOTHING;
INSERT INTO project_notes (note_id, project_id, note_text, note_type, author, tags, is_private, created_at, entry_group_id, note_title, progress_percent, estimated_end_date, effort_hours) VALUES (68, 'MX-DDD-0003', 'ninguno', 'riesgo', 'Xiomara Monroy', '', 0, '2026-02-20 22:55:05', '267e62c1a9f34f5392ea3096033d0551', '', 0, '2026-04-03', NULL) ON CONFLICT (note_id) DO NOTHING;
INSERT INTO project_notes (note_id, project_id, note_text, note_type, author, tags, is_private, created_at, entry_group_id, note_title, progress_percent, estimated_end_date, effort_hours) VALUES (69, 'MX-DDD-0003', 'Analizar estructura WPO y brechas vs Rotaciones', 'general', 'Luis Astudillo', '', 0, '2026-03-02 22:55:05', '57e2c1bc400548b79fdff30e1bc85a77', '', 10, '2026-04-03', 5.0) ON CONFLICT (note_id) DO NOTHING;
INSERT INTO project_notes (note_id, project_id, note_text, note_type, author, tags, is_private, created_at, entry_group_id, note_title, progress_percent, estimated_end_date, effort_hours) VALUES (70, 'MX-DDD-0003', 'Definir reglas de negocio y diseño técnico', 'proximo_paso', 'Xiomara Monroy', '', 0, '2026-03-02 22:55:05', '57e2c1bc400548b79fdff30e1bc85a77', '', 10, '2026-04-03', NULL) ON CONFLICT (note_id) DO NOTHING;
INSERT INTO project_notes (note_id, project_id, note_text, note_type, author, tags, is_private, created_at, entry_group_id, note_title, progress_percent, estimated_end_date, effort_hours) VALUES (71, 'MX-DDD-0003', 'ninguno', 'bloqueador', 'Xiomara Monroy', '', 0, '2026-03-02 22:55:05', '57e2c1bc400548b79fdff30e1bc85a77', '', 10, '2026-04-03', NULL) ON CONFLICT (note_id) DO NOTHING;
INSERT INTO project_notes (note_id, project_id, note_text, note_type, author, tags, is_private, created_at, entry_group_id, note_title, progress_percent, estimated_end_date, effort_hours) VALUES (72, 'MX-DDD-0003', 'ninguno', 'riesgo', 'Xiomara Monroy', '', 0, '2026-03-02 22:55:05', '57e2c1bc400548b79fdff30e1bc85a77', '', 10, '2026-04-03', NULL) ON CONFLICT (note_id) DO NOTHING;
INSERT INTO project_notes (note_id, project_id, note_text, note_type, author, tags, is_private, created_at, entry_group_id, note_title, progress_percent, estimated_end_date, effort_hours) VALUES (73, 'MX-DDD-0003', 'Definir reglas de negocio y diseño técnico', 'general', 'Luis Astudillo', '', 0, '2026-03-06 22:55:05', 'ae3585f81262409aa006e1be5da7fd19', '', 30, '2026-04-03', 6.0) ON CONFLICT (note_id) DO NOTHING;
INSERT INTO project_notes (note_id, project_id, note_text, note_type, author, tags, is_private, created_at, entry_group_id, note_title, progress_percent, estimated_end_date, effort_hours) VALUES (74, 'MX-DDD-0003', 'Desarrollo: Implementar transformación WPO → Rotaciones', 'proximo_paso', 'Xiomara Monroy', '', 0, '2026-03-06 22:55:05', 'ae3585f81262409aa006e1be5da7fd19', '', 30, '2026-04-03', NULL) ON CONFLICT (note_id) DO NOTHING;
INSERT INTO project_notes (note_id, project_id, note_text, note_type, author, tags, is_private, created_at, entry_group_id, note_title, progress_percent, estimated_end_date, effort_hours) VALUES (75, 'MX-DDD-0003', 'ninguno', 'bloqueador', 'Xiomara Monroy', '', 0, '2026-03-06 22:55:05', 'ae3585f81262409aa006e1be5da7fd19', '', 30, '2026-04-03', NULL) ON CONFLICT (note_id) DO NOTHING;
INSERT INTO project_notes (note_id, project_id, note_text, note_type, author, tags, is_private, created_at, entry_group_id, note_title, progress_percent, estimated_end_date, effort_hours) VALUES (76, 'MX-DDD-0003', 'ninguno', 'riesgo', 'Xiomara Monroy', '', 0, '2026-03-06 22:55:05', 'ae3585f81262409aa006e1be5da7fd19', '', 30, '2026-04-03', NULL) ON CONFLICT (note_id) DO NOTHING;
INSERT INTO project_notes (note_id, project_id, note_text, note_type, author, tags, is_private, created_at, entry_group_id, note_title, progress_percent, estimated_end_date, effort_hours) VALUES (77, 'MX-DDD-0003', 'Desarrollo: Implementar transformación WPO → Rotaciones', 'general', 'Luis Astudillo', '', 0, '2026-03-09 22:56:43', '891afcd4cb76403e986f125ed7cf0686', '', 50, '2026-04-03', 10.0) ON CONFLICT (note_id) DO NOTHING;
INSERT INTO project_notes (note_id, project_id, note_text, note_type, author, tags, is_private, created_at, entry_group_id, note_title, progress_percent, estimated_end_date, effort_hours) VALUES (78, 'MX-DDD-0003', 'Prueba de producto con archivos', 'proximo_paso', 'Xiomara Monroy', '', 0, '2026-03-09 22:56:43', '891afcd4cb76403e986f125ed7cf0686', '', 50, '2026-04-03', NULL) ON CONFLICT (note_id) DO NOTHING;
INSERT INTO project_notes (note_id, project_id, note_text, note_type, author, tags, is_private, created_at, entry_group_id, note_title, progress_percent, estimated_end_date, effort_hours) VALUES (79, 'MX-DDD-0003', 'ninguno', 'bloqueador', 'Xiomara Monroy', '', 0, '2026-03-09 22:56:43', '891afcd4cb76403e986f125ed7cf0686', '', 50, '2026-04-03', NULL) ON CONFLICT (note_id) DO NOTHING;
INSERT INTO project_notes (note_id, project_id, note_text, note_type, author, tags, is_private, created_at, entry_group_id, note_title, progress_percent, estimated_end_date, effort_hours) VALUES (80, 'MX-DDD-0003', 'ninguno', 'riesgo', 'Xiomara Monroy', '', 0, '2026-03-09 22:56:43', '891afcd4cb76403e986f125ed7cf0686', '', 50, '2026-04-03', NULL) ON CONFLICT (note_id) DO NOTHING;
INSERT INTO project_notes (note_id, project_id, note_text, note_type, author, tags, is_private, created_at, entry_group_id, note_title, progress_percent, estimated_end_date, effort_hours) VALUES (81, 'LA-DDD-0002', 'Se agrega la funcionalidad de insertar texto y tablas', 'general', 'Xiomara Monroy', '', 0, '2026-03-12 21:27:09', 'e8fe44d4d43740b1a38a58ba2e53b298', '', 54, 'None', 35.0) ON CONFLICT (note_id) DO NOTHING;
INSERT INTO project_notes (note_id, project_id, note_text, note_type, author, tags, is_private, created_at, entry_group_id, note_title, progress_percent, estimated_end_date, effort_hours) VALUES (82, 'LA-DDD-0002', 'Configurar presentación de Coppel con nueva funcionalidad de texto', 'proximo_paso', 'Xiomara Monroy', '', 0, '2026-03-12 21:27:09', 'e8fe44d4d43740b1a38a58ba2e53b298', '', 54, 'None', NULL) ON CONFLICT (note_id) DO NOTHING;
INSERT INTO project_notes (note_id, project_id, note_text, note_type, author, tags, is_private, created_at, entry_group_id, note_title, progress_percent, estimated_end_date, effort_hours) VALUES (83, 'LA-DDD-0002', 'ninguno', 'bloqueador', 'Xiomara Monroy', '', 0, '2026-03-12 21:27:09', 'e8fe44d4d43740b1a38a58ba2e53b298', '', 54, 'None', NULL) ON CONFLICT (note_id) DO NOTHING;
INSERT INTO project_notes (note_id, project_id, note_text, note_type, author, tags, is_private, created_at, entry_group_id, note_title, progress_percent, estimated_end_date, effort_hours) VALUES (84, 'LA-DDD-0002', 'ninguno', 'riesgo', 'Xiomara Monroy', '', 0, '2026-03-12 21:27:09', 'e8fe44d4d43740b1a38a58ba2e53b298', '', 54, 'None', NULL) ON CONFLICT (note_id) DO NOTHING;
INSERT INTO project_notes (note_id, project_id, note_text, note_type, author, tags, is_private, created_at, entry_group_id, note_title, progress_percent, estimated_end_date, effort_hours) VALUES (85, 'MX-DDD-0003', 'Estamos ne etapas de prueba de producto', 'general', 'Luis Astudillo', '', 0, '2026-03-13 15:34:25', '863eae35b190462296ad4921c59f7687', '', 70, 'None', 4.0) ON CONFLICT (note_id) DO NOTHING;
INSERT INTO project_notes (note_id, project_id, note_text, note_type, author, tags, is_private, created_at, entry_group_id, note_title, progress_percent, estimated_end_date, effort_hours) VALUES (86, 'MX-DDD-0003', 'Documentar y entregar el ejecutable', 'proximo_paso', 'Xiomara Monroy', '', 0, '2026-03-13 15:34:25', '863eae35b190462296ad4921c59f7687', '', 70, 'None', NULL) ON CONFLICT (note_id) DO NOTHING;
INSERT INTO project_notes (note_id, project_id, note_text, note_type, author, tags, is_private, created_at, entry_group_id, note_title, progress_percent, estimated_end_date, effort_hours) VALUES (87, 'MX-DDD-0003', 'ninguno', 'bloqueador', 'Xiomara Monroy', '', 0, '2026-03-13 15:34:25', '863eae35b190462296ad4921c59f7687', '', 70, 'None', NULL) ON CONFLICT (note_id) DO NOTHING;
INSERT INTO project_notes (note_id, project_id, note_text, note_type, author, tags, is_private, created_at, entry_group_id, note_title, progress_percent, estimated_end_date, effort_hours) VALUES (88, 'MX-DDD-0003', 'ninguno', 'riesgo', 'Xiomara Monroy', '', 0, '2026-03-13 15:34:25', '863eae35b190462296ad4921c59f7687', '', 70, 'None', NULL) ON CONFLICT (note_id) DO NOTHING;
INSERT INTO project_notes (note_id, project_id, note_text, note_type, author, tags, is_private, created_at, entry_group_id, note_title, progress_percent, estimated_end_date, effort_hours) VALUES (89, 'MX-DDD-0001', 'en etapa de evaluación eficiencia comparando los datos de la macro de VBA con la del programa', 'general', 'Carlos Montiel', '', 0, '2026-03-13 15:37:04', '1f562b40fda54859b4f3e38e967c6a5e', '', 70, 'None', 4.0) ON CONFLICT (note_id) DO NOTHING;
INSERT INTO project_notes (note_id, project_id, note_text, note_type, author, tags, is_private, created_at, entry_group_id, note_title, progress_percent, estimated_end_date, effort_hours) VALUES (90, 'MX-DDD-0001', 'Documentar y entregar a D&D', 'proximo_paso', 'Xiomara Monroy', '', 0, '2026-03-13 15:37:04', '1f562b40fda54859b4f3e38e967c6a5e', '', 70, 'None', NULL) ON CONFLICT (note_id) DO NOTHING;
INSERT INTO project_notes (note_id, project_id, note_text, note_type, author, tags, is_private, created_at, entry_group_id, note_title, progress_percent, estimated_end_date, effort_hours) VALUES (91, 'MX-DDD-0001', 'ninguno', 'bloqueador', 'Xiomara Monroy', '', 0, '2026-03-13 15:37:04', '1f562b40fda54859b4f3e38e967c6a5e', '', 70, 'None', NULL) ON CONFLICT (note_id) DO NOTHING;
INSERT INTO project_notes (note_id, project_id, note_text, note_type, author, tags, is_private, created_at, entry_group_id, note_title, progress_percent, estimated_end_date, effort_hours) VALUES (92, 'MX-DDD-0001', 'ninguno', 'riesgo', 'Xiomara Monroy', '', 0, '2026-03-13 15:37:04', '1f562b40fda54859b4f3e38e967c6a5e', '', 70, 'None', NULL) ON CONFLICT (note_id) DO NOTHING;
INSERT INTO project_notes (note_id, project_id, note_text, note_type, author, tags, is_private, created_at, entry_group_id, note_title, progress_percent, estimated_end_date, effort_hours) VALUES (93, 'MX-DDD-0003', 'Se presentó al cliente y pidi0 cambios menores que deberían quedar esta semana', 'general', 'Luis Astudillo', '', 0, '2026-03-24 16:15:43', 'c737632f006c4fb098935cd6bf5b43ea', '', 90, '2026-03-31', 3.0) ON CONFLICT (note_id) DO NOTHING;
INSERT INTO project_notes (note_id, project_id, note_text, note_type, author, tags, is_private, created_at, entry_group_id, note_title, progress_percent, estimated_end_date, effort_hours) VALUES (94, 'MX-DDD-0003', 'Documentación y entrega', 'proximo_paso', 'Xiomara Monroy', '', 0, '2026-03-24 16:15:43', 'c737632f006c4fb098935cd6bf5b43ea', '', 90, '2026-03-31', NULL) ON CONFLICT (note_id) DO NOTHING;
INSERT INTO project_notes (note_id, project_id, note_text, note_type, author, tags, is_private, created_at, entry_group_id, note_title, progress_percent, estimated_end_date, effort_hours) VALUES (95, 'MX-DDD-0003', 'ninguno', 'bloqueador', 'Xiomara Monroy', '', 0, '2026-03-24 16:15:43', 'c737632f006c4fb098935cd6bf5b43ea', '', 90, '2026-03-31', NULL) ON CONFLICT (note_id) DO NOTHING;
INSERT INTO project_notes (note_id, project_id, note_text, note_type, author, tags, is_private, created_at, entry_group_id, note_title, progress_percent, estimated_end_date, effort_hours) VALUES (96, 'MX-DDD-0003', 'ninguno', 'riesgo', 'Xiomara Monroy', '', 0, '2026-03-24 16:15:43', 'c737632f006c4fb098935cd6bf5b43ea', '', 90, '2026-03-31', NULL) ON CONFLICT (note_id) DO NOTHING;
INSERT INTO project_notes (note_id, project_id, note_text, note_type, author, tags, is_private, created_at, entry_group_id, note_title, progress_percent, estimated_end_date, effort_hours) VALUES (97, 'MX-DDD-0001', 'Carlos corrigió errores encontrados y está ajustando la lógica y los datos para asegurar consistencia.', 'general', 'Carlos Montiel', '', 0, '2026-03-24 22:46:39', 'f995ad1ae5cc4fb3ab1c70560056e9a3', '', 80, '2026-04-10', 6.0) ON CONFLICT (note_id) DO NOTHING;
INSERT INTO project_notes (note_id, project_id, note_text, note_type, author, tags, is_private, created_at, entry_group_id, note_title, progress_percent, estimated_end_date, effort_hours) VALUES (98, 'MX-DDD-0001', 'Reprocesar archivos para comparar resultados y entregar versión final para revisión', 'proximo_paso', 'Xiomara Monroy', '', 0, '2026-03-24 22:46:39', 'f995ad1ae5cc4fb3ab1c70560056e9a3', '', 80, '2026-04-10', NULL) ON CONFLICT (note_id) DO NOTHING;
INSERT INTO project_notes (note_id, project_id, note_text, note_type, author, tags, is_private, created_at, entry_group_id, note_title, progress_percent, estimated_end_date, effort_hours) VALUES (99, 'MX-DDD-0001', 'Ninguno', 'bloqueador', 'Xiomara Monroy', '', 0, '2026-03-24 22:46:39', 'f995ad1ae5cc4fb3ab1c70560056e9a3', '', 80, '2026-04-10', NULL) ON CONFLICT (note_id) DO NOTHING;
INSERT INTO project_notes (note_id, project_id, note_text, note_type, author, tags, is_private, created_at, entry_group_id, note_title, progress_percent, estimated_end_date, effort_hours) VALUES (100, 'MX-DDD-0001', 'Posibles nuevas inconsistencias en módulos no revisados aún', 'riesgo', 'Xiomara Monroy', '', 0, '2026-03-24 22:46:39', 'f995ad1ae5cc4fb3ab1c70560056e9a3', '', 80, '2026-04-10', NULL) ON CONFLICT (note_id) DO NOTHING;
INSERT INTO project_notes (note_id, project_id, note_text, note_type, author, tags, is_private, created_at, entry_group_id, note_title, progress_percent, estimated_end_date, effort_hours) VALUES (101, 'MX-DDD-0004', 'Se realizó la reunión de kickoff el 3 de marzo de 2026 para definir el alcance del ajuste a la macro existente.  Limitar el proyecto a la incorporación de la categoría Pan de temporada, sin refactorizar la macro base.', 'general', 'Luis Astudillo', '', 0, '2026-03-04 22:05:46', 'c21160da07c64607a8befcd524b185b4', '', 0, 'None', 2.0) ON CONFLICT (note_id) DO NOTHING;
INSERT INTO project_notes (note_id, project_id, note_text, note_type, author, tags, is_private, created_at, entry_group_id, note_title, progress_percent, estimated_end_date, effort_hours) VALUES (102, 'MX-DDD-0004', 'Iniciar ajustes a la macro existente por Luis Astudillo 04-mar-2026', 'proximo_paso', 'Xiomara Monroy', '', 0, '2026-03-04 22:05:46', 'c21160da07c64607a8befcd524b185b4', '', 0, 'None', NULL) ON CONFLICT (note_id) DO NOTHING;
INSERT INTO project_notes (note_id, project_id, note_text, note_type, author, tags, is_private, created_at, entry_group_id, note_title, progress_percent, estimated_end_date, effort_hours) VALUES (103, 'MX-DDD-0004', 'Ninguno', 'bloqueador', 'Xiomara Monroy', '', 0, '2026-03-04 22:05:46', 'c21160da07c64607a8befcd524b185b4', '', 0, 'None', NULL) ON CONFLICT (note_id) DO NOTHING;
INSERT INTO project_notes (note_id, project_id, note_text, note_type, author, tags, is_private, created_at, entry_group_id, note_title, progress_percent, estimated_end_date, effort_hours) VALUES (104, 'MX-DDD-0004', 'Alcance poco claro +Baja + Documentación temprana del alcance', 'riesgo', 'Xiomara Monroy', '', 0, '2026-03-04 22:05:46', 'c21160da07c64607a8befcd524b185b4', '', 0, 'None', NULL) ON CONFLICT (note_id) DO NOTHING;
INSERT INTO project_notes (note_id, project_id, note_text, note_type, author, tags, is_private, created_at, entry_group_id, note_title, progress_percent, estimated_end_date, effort_hours) VALUES (105, 'MX-DDD-0004', 'Durante la fase de desarrollo se realizaron ajustes sobre la macro existente para incorporar Pan de temporada, agregando dos slides nuevos y modificando un slide actual. Se decidió reutilizar la estructura existente de Excel y PowerPoint para minimizar riesgos. El desarrollo quedó completado según lo planeado.', 'general', 'Luis Astudillo', '', 0, '2026-03-16 22:07:02', 'c5b46f25dbf24ef1a1e0ed378e88e3df', '', 50, 'None', 8.0) ON CONFLICT (note_id) DO NOTHING;
INSERT INTO project_notes (note_id, project_id, note_text, note_type, author, tags, is_private, created_at, entry_group_id, note_title, progress_percent, estimated_end_date, effort_hours) VALUES (106, 'MX-DDD-0004', 'Iniciar la fase de pruebas funcionales ejecutando la macro completa y revisando resultados, a cargo de Xiomara Monroy, a partir del 22‑mar‑2026.', 'proximo_paso', 'Xiomara Monroy', '', 0, '2026-03-16 22:07:02', 'c5b46f25dbf24ef1a1e0ed378e88e3df', '', 50, 'None', NULL) ON CONFLICT (note_id) DO NOTHING;
INSERT INTO project_notes (note_id, project_id, note_text, note_type, author, tags, is_private, created_at, entry_group_id, note_title, progress_percent, estimated_end_date, effort_hours) VALUES (107, 'MX-DDD-0004', 'Ninguno', 'bloqueador', 'Xiomara Monroy', '', 0, '2026-03-16 22:07:02', 'c5b46f25dbf24ef1a1e0ed378e88e3df', '', 50, 'None', NULL) ON CONFLICT (note_id) DO NOTHING;
INSERT INTO project_notes (note_id, project_id, note_text, note_type, author, tags, is_private, created_at, entry_group_id, note_title, progress_percent, estimated_end_date, effort_hours) VALUES (108, 'MX-DDD-0004', 'Riesgo de errores visuales derivados de la nueva lógica, con probabilidad media. Mitigación: ejecución de pruebas funcionales y revisión visual detallada.', 'riesgo', 'Xiomara Monroy', '', 0, '2026-03-16 22:07:02', 'c5b46f25dbf24ef1a1e0ed378e88e3df', '', 50, 'None', NULL) ON CONFLICT (note_id) DO NOTHING;
INSERT INTO project_notes (note_id, project_id, note_text, note_type, author, tags, is_private, created_at, entry_group_id, note_title, progress_percent, estimated_end_date, effort_hours) VALUES (109, 'MX-DDD-0004', 'Se iniciaron las pruebas funcionales de la macro, validando la ejecución completa y los resultados visuales. Durante esta fase se detectaron inconsistencias en títulos y etiquetas de series en algunos slides. Los hallazgos fueron documentados como bugs.', 'general', 'Luis Astudillo', '', 0, '2026-03-25 22:07:44', '60683608b04e41a89a597cb1aef502d3', '', 70, 'None', 4.0) ON CONFLICT (note_id) DO NOTHING;
INSERT INTO project_notes (note_id, project_id, note_text, note_type, author, tags, is_private, created_at, entry_group_id, note_title, progress_percent, estimated_end_date, effort_hours) VALUES (110, 'MX-DDD-0004', 'Reportar los bugs identificados y escalar los ajustes técnicos a desarrollo para su corrección, a cargo de Luis Astudillo, con seguimiento por Xiomara Monroy.', 'proximo_paso', 'Xiomara Monroy', '', 0, '2026-03-25 22:07:44', '60683608b04e41a89a597cb1aef502d3', '', 70, 'None', NULL) ON CONFLICT (note_id) DO NOTHING;
INSERT INTO project_notes (note_id, project_id, note_text, note_type, author, tags, is_private, created_at, entry_group_id, note_title, progress_percent, estimated_end_date, effort_hours) VALUES (111, 'MX-DDD-0004', 'Existen bloqueadores relacionados con errores visuales en slides específicos, los cuales deben ser corregidos por desarrollo.', 'bloqueador', 'Xiomara Monroy', '', 0, '2026-03-25 22:07:44', '60683608b04e41a89a597cb1aef502d3', '', 70, 'None', NULL) ON CONFLICT (note_id) DO NOTHING;
INSERT INTO project_notes (note_id, project_id, note_text, note_type, author, tags, is_private, created_at, entry_group_id, note_title, progress_percent, estimated_end_date, effort_hours) VALUES (112, 'MX-DDD-0004', 'Riesgo de bloqueo de la validación final si los bugs no se corrigen a tiempo, con probabilidad media. Mitigación: priorización de bugs críticos y ajustes manuales temporales si es necesario.', 'riesgo', 'Xiomara Monroy', '', 0, '2026-03-25 22:07:44', '60683608b04e41a89a597cb1aef502d3', '', 70, 'None', NULL) ON CONFLICT (note_id) DO NOTHING;
INSERT INTO project_notes (note_id, project_id, note_text, note_type, author, tags, is_private, created_at, entry_group_id, note_title, progress_percent, estimated_end_date, effort_hours) VALUES (113, 'LA-DDD-0001', 'Se le solicitó a Olga Tercero apoyo para tener feedback de parte del equipo comercial de CAM', 'general', 'Xiomara Monroy', '', 0, '2026-03-25 22:31:34', '4c494b94095e4e96bbfcc4197a3f9d8b', '', 70, 'None', 0.5) ON CONFLICT (note_id) DO NOTHING;
INSERT INTO project_notes (note_id, project_id, note_text, note_type, author, tags, is_private, created_at, entry_group_id, note_title, progress_percent, estimated_end_date, effort_hours) VALUES (114, 'LA-DDD-0001', 'Recolectar feedback', 'proximo_paso', 'Xiomara Monroy', '', 0, '2026-03-25 22:31:34', '4c494b94095e4e96bbfcc4197a3f9d8b', '', 70, 'None', NULL) ON CONFLICT (note_id) DO NOTHING;
INSERT INTO project_notes (note_id, project_id, note_text, note_type, author, tags, is_private, created_at, entry_group_id, note_title, progress_percent, estimated_end_date, effort_hours) VALUES (115, 'LA-DDD-0001', 'no contestan la encuesta + no se puede avanzar  + solicito apoyo a CM de CAM', 'bloqueador', 'Xiomara Monroy', '', 0, '2026-03-25 22:31:34', '4c494b94095e4e96bbfcc4197a3f9d8b', '', 70, 'None', NULL) ON CONFLICT (note_id) DO NOTHING;
INSERT INTO project_notes (note_id, project_id, note_text, note_type, author, tags, is_private, created_at, entry_group_id, note_title, progress_percent, estimated_end_date, effort_hours) VALUES (116, 'LA-DDD-0001', 'ninguno', 'riesgo', 'Xiomara Monroy', '', 0, '2026-03-25 22:31:34', '4c494b94095e4e96bbfcc4197a3f9d8b', '', 70, 'None', NULL) ON CONFLICT (note_id) DO NOTHING;
INSERT INTO project_notes (note_id, project_id, note_text, note_type, author, tags, is_private, created_at, entry_group_id, note_title, progress_percent, estimated_end_date, effort_hours) VALUES (117, 'HI-DDD-0001', 'Definición del proyecto', 'general', 'Luis Astudillo', '', 0, '2026-03-30 19:17:55', '1c0c17811aef48f5bb922ce1a6f01aa6', '', 0, 'None', 2.0) ON CONFLICT (note_id) DO NOTHING;
INSERT INTO project_notes (note_id, project_id, note_text, note_type, author, tags, is_private, created_at, entry_group_id, note_title, progress_percent, estimated_end_date, effort_hours) VALUES (118, 'HI-DDD-0001', 'Pruebas para determinar si tenemos todas las herramientas necesarias de stack y Recopilación de información de flujo de trabajo', 'proximo_paso', 'Xiomara Monroy', '', 0, '2026-03-30 19:17:55', '1c0c17811aef48f5bb922ce1a6f01aa6', '', 0, 'None', NULL) ON CONFLICT (note_id) DO NOTHING;
INSERT INTO project_notes (note_id, project_id, note_text, note_type, author, tags, is_private, created_at, entry_group_id, note_title, progress_percent, estimated_end_date, effort_hours) VALUES (119, 'HI-DDD-0001', 'ninguno', 'bloqueador', 'Xiomara Monroy', '', 0, '2026-03-30 19:17:55', '1c0c17811aef48f5bb922ce1a6f01aa6', '', 0, 'None', NULL) ON CONFLICT (note_id) DO NOTHING;
INSERT INTO project_notes (note_id, project_id, note_text, note_type, author, tags, is_private, created_at, entry_group_id, note_title, progress_percent, estimated_end_date, effort_hours) VALUES (120, 'HI-DDD-0001', 'ninguno', 'riesgo', 'Xiomara Monroy', '', 0, '2026-03-30 19:17:55', '1c0c17811aef48f5bb922ce1a6f01aa6', '', 0, 'None', NULL) ON CONFLICT (note_id) DO NOTHING;
INSERT INTO project_notes (note_id, project_id, note_text, note_type, author, tags, is_private, created_at, entry_group_id, note_title, progress_percent, estimated_end_date, effort_hours) VALUES (121, 'MX-DDD-0004', 'El proyecto fue entregado completamente y se está a la espera de feedback del cliente', 'general', 'Luis Astudillo', '', 0, '2026-03-31 20:24:50', 'ccd2848948cf4592b9725e8aa0f97608', '', 90, '2026-04-08', 2.0) ON CONFLICT (note_id) DO NOTHING;
INSERT INTO project_notes (note_id, project_id, note_text, note_type, author, tags, is_private, created_at, entry_group_id, note_title, progress_percent, estimated_end_date, effort_hours) VALUES (122, 'MX-DDD-0004', 'esperar respuesta para confirmar cierre', 'proximo_paso', 'Xiomara Monroy', '', 0, '2026-03-31 20:24:50', 'ccd2848948cf4592b9725e8aa0f97608', '', 90, '2026-04-08', NULL) ON CONFLICT (note_id) DO NOTHING;
INSERT INTO project_notes (note_id, project_id, note_text, note_type, author, tags, is_private, created_at, entry_group_id, note_title, progress_percent, estimated_end_date, effort_hours) VALUES (123, 'MX-DDD-0004', 'Falta feedback del cliente para validar funcionamiento + Xiomara recordara al equipo', 'bloqueador', 'Xiomara Monroy', '', 0, '2026-03-31 20:24:50', 'ccd2848948cf4592b9725e8aa0f97608', '', 90, '2026-04-08', NULL) ON CONFLICT (note_id) DO NOTHING;
INSERT INTO project_notes (note_id, project_id, note_text, note_type, author, tags, is_private, created_at, entry_group_id, note_title, progress_percent, estimated_end_date, effort_hours) VALUES (124, 'MX-DDD-0004', 'Sin validación del cliente, el proyecto podría reabrirse más adelante con nuevos ajustes.', 'riesgo', 'Xiomara Monroy', '', 0, '2026-03-31 20:24:50', 'ccd2848948cf4592b9725e8aa0f97608', '', 90, '2026-04-08', NULL) ON CONFLICT (note_id) DO NOTHING;
INSERT INTO project_notes (note_id, project_id, note_text, note_type, author, tags, is_private, created_at, entry_group_id, note_title, progress_percent, estimated_end_date, effort_hours) VALUES (125, 'MX-DDD-0003', 'El desarrollo está terminado y Luis solo debe enviar la versión final al cliente para prueba', 'general', 'Luis Astudillo', '', 0, '2026-03-31 20:26:34', '5c314587cfff45fb8dbd87d99908899f', '', 96, '2026-04-08', 2.0) ON CONFLICT (note_id) DO NOTHING;
INSERT INTO project_notes (note_id, project_id, note_text, note_type, author, tags, is_private, created_at, entry_group_id, note_title, progress_percent, estimated_end_date, effort_hours) VALUES (126, 'MX-DDD-0003', 'Agendar reunión de entrega para guiarlos en instalación/ejecución (Python + VSCode + script startup). Responsable: Luis', 'proximo_paso', 'Xiomara Monroy', '', 0, '2026-03-31 20:26:34', '5c314587cfff45fb8dbd87d99908899f', '', 96, '2026-04-08', NULL) ON CONFLICT (note_id) DO NOTHING;
INSERT INTO project_notes (note_id, project_id, note_text, note_type, author, tags, is_private, created_at, entry_group_id, note_title, progress_percent, estimated_end_date, effort_hours) VALUES (127, 'MX-DDD-0003', 'Miembro del equipo cliente (Martín) está de vacaciones hasta el 10 de abril.', 'bloqueador', 'Xiomara Monroy', '', 0, '2026-03-31 20:26:34', '5c314587cfff45fb8dbd87d99908899f', '', 96, '2026-04-08', NULL) ON CONFLICT (note_id) DO NOTHING;
INSERT INTO project_notes (note_id, project_id, note_text, note_type, author, tags, is_private, created_at, entry_group_id, note_title, progress_percent, estimated_end_date, effort_hours) VALUES (128, 'MX-DDD-0003', 'La prueba por parte del cliente puede quedar detenida hasta que todo el equipo esté disponible.', 'riesgo', 'Xiomara Monroy', '', 0, '2026-03-31 20:26:34', '5c314587cfff45fb8dbd87d99908899f', '', 96, '2026-04-08', NULL) ON CONFLICT (note_id) DO NOTHING;
INSERT INTO project_notes (note_id, project_id, note_text, note_type, author, tags, is_private, created_at, entry_group_id, note_title, progress_percent, estimated_end_date, effort_hours) VALUES (129, 'MX-DDD-0001', 'Carlos terminó los ajustes principales (cálculos, formateos, conversion tree) y solo falta validación del scorecard', 'general', 'Carlos Montiel', '', 0, '2026-03-31 20:31:27', '608c3e1228f6471ab4e2ac5a4901d47e', '', 90, 'None', 6.0) ON CONFLICT (note_id) DO NOTHING;
INSERT INTO project_notes (note_id, project_id, note_text, note_type, author, tags, is_private, created_at, entry_group_id, note_title, progress_percent, estimated_end_date, effort_hours) VALUES (130, 'MX-DDD-0001', 'Xiomara revisará el reporte generado y se arma documentación para entregar', 'proximo_paso', 'Xiomara Monroy', '', 0, '2026-03-31 20:31:27', '608c3e1228f6471ab4e2ac5a4901d47e', '', 90, 'None', NULL) ON CONFLICT (note_id) DO NOTHING;
INSERT INTO project_notes (note_id, project_id, note_text, note_type, author, tags, is_private, created_at, entry_group_id, note_title, progress_percent, estimated_end_date, effort_hours) VALUES (131, 'MX-DDD-0001', 'Pendiente la confirmación final del scorecard por parte del usuario', 'bloqueador', 'Xiomara Monroy', '', 0, '2026-03-31 20:31:27', '608c3e1228f6471ab4e2ac5a4901d47e', '', 90, 'None', NULL) ON CONFLICT (note_id) DO NOTHING;
INSERT INTO project_notes (note_id, project_id, note_text, note_type, author, tags, is_private, created_at, entry_group_id, note_title, progress_percent, estimated_end_date, effort_hours) VALUES (132, 'MX-DDD-0001', 'Si el scorecard no coincide entre macros, puede retrasar el cierre y la entrega', 'riesgo', 'Xiomara Monroy', '', 0, '2026-03-31 20:31:27', '608c3e1228f6471ab4e2ac5a4901d47e', '', 90, 'None', NULL) ON CONFLICT (note_id) DO NOTHING;
INSERT INTO project_notes (note_id, project_id, note_text, note_type, author, tags, is_private, created_at, entry_group_id, note_title, progress_percent, estimated_end_date, effort_hours) VALUES (133, 'HI-DDD-0001', 'Carlos avanzó parcialmente en la definición de reglas (master file e itemización). Falta adaptar completamente el flujo del agente a la taxonomía final.', 'general', 'Luis Astudillo', '', 0, '2026-04-22 22:22:18', '0b809701e315481785040fee76b37316', '', 10, 'None', 6.0) ON CONFLICT (note_id) DO NOTHING;
INSERT INTO project_notes (note_id, project_id, note_text, note_type, author, tags, is_private, created_at, entry_group_id, note_title, progress_percent, estimated_end_date, effort_hours) VALUES (134, 'HI-DDD-0001', 'Conseguir transcript/grabación de la reunión con Alejandra. 
Completar reglas faltantes y adaptar el flujo completo del agente. 
Alinear este desarrollo con el proyecto MTR.', 'proximo_paso', 'Xiomara Monroy', '', 0, '2026-04-22 22:22:18', '0b809701e315481785040fee76b37316', '', 10, 'None', NULL) ON CONFLICT (note_id) DO NOTHING;
INSERT INTO project_notes (note_id, project_id, note_text, note_type, author, tags, is_private, created_at, entry_group_id, note_title, progress_percent, estimated_end_date, effort_hours) VALUES (135, 'HI-DDD-0001', 'Falta el transcript y la grabación de la reunión con Alejandra Suárez, necesarios para definir correctamente todas las reglas. 
Dependencia directa de acceso que solo tiene ella.', 'bloqueador', 'Xiomara Monroy', '', 0, '2026-04-22 22:22:18', '0b809701e315481785040fee76b37316', '', 10, 'None', NULL) ON CONFLICT (note_id) DO NOTHING;
INSERT INTO project_notes (note_id, project_id, note_text, note_type, author, tags, is_private, created_at, entry_group_id, note_title, progress_percent, estimated_end_date, effort_hours) VALUES (136, 'HI-DDD-0001', 'Sin reglas completas y claras, el agente no se puede estabilizar ni avanzar a pruebas reales', 'riesgo', 'Xiomara Monroy', '', 0, '2026-04-22 22:22:18', '0b809701e315481785040fee76b37316', '', 10, 'None', NULL) ON CONFLICT (note_id) DO NOTHING;
INSERT INTO project_notes (note_id, project_id, note_text, note_type, author, tags, is_private, created_at, entry_group_id, note_title, progress_percent, estimated_end_date, effort_hours) VALUES (137, 'MX-DDD-0004', 'Luis realizó correcciones a errores preexistentes y ajustes solicitados. Se modificó la macro y la PPT para que los rangos sean dinámicos. El programa ya fue probado y ejecuta correctamente.', 'general', 'Luis Astudillo', '', 0, '2026-04-22 22:37:51', '3bdb82f5474445c7a96aef656946cb9c', '', 95, '2026-04-30', 5.0) ON CONFLICT (note_id) DO NOTHING;
INSERT INTO project_notes (note_id, project_id, note_text, note_type, author, tags, is_private, created_at, entry_group_id, note_title, progress_percent, estimated_end_date, effort_hours) VALUES (138, 'MX-DDD-0004', 'Comunicar al cliente qué ajustes pueden requerir intervención manual. 
Esperar feedback final para confirmar cierre', 'proximo_paso', 'Xiomara Monroy', '', 0, '2026-04-22 22:37:51', '3bdb82f5474445c7a96aef656946cb9c', '', 95, '2026-04-30', NULL) ON CONFLICT (note_id) DO NOTHING;
INSERT INTO project_notes (note_id, project_id, note_text, note_type, author, tags, is_private, created_at, entry_group_id, note_title, progress_percent, estimated_end_date, effort_hours) VALUES (139, 'MX-DDD-0004', 'Ninguno.', 'bloqueador', 'Xiomara Monroy', '', 0, '2026-04-22 22:37:51', '3bdb82f5474445c7a96aef656946cb9c', '', 95, '2026-04-30', NULL) ON CONFLICT (note_id) DO NOTHING;
INSERT INTO project_notes (note_id, project_id, note_text, note_type, author, tags, is_private, created_at, entry_group_id, note_title, progress_percent, estimated_end_date, effort_hours) VALUES (140, 'MX-DDD-0004', 'Cambios futuros del cliente (en columnas o layout de PPT) pueden requerir ajustes manuales visuales.', 'riesgo', 'Xiomara Monroy', '', 0, '2026-04-22 22:37:51', '3bdb82f5474445c7a96aef656946cb9c', '', 95, '2026-04-30', NULL) ON CONFLICT (note_id) DO NOTHING;
INSERT INTO project_notes (note_id, project_id, note_text, note_type, author, tags, is_private, created_at, entry_group_id, note_title, progress_percent, estimated_end_date, effort_hours) VALUES (141, 'MX-DDD-0003', 'Realizar la sesión de entrega con el cliente. 
Presentar solución e instrucciones de uso. 
Confirmar cierre. /end', 'general', 'Luis Astudillo', '', 0, '2026-04-22 22:46:29', 'f29cfd74eaf843668f2c23d3f35a2c43', '', 96, 'None', 1.0) ON CONFLICT (note_id) DO NOTHING;
INSERT INTO project_notes (note_id, project_id, note_text, note_type, author, tags, is_private, created_at, entry_group_id, note_title, progress_percent, estimated_end_date, effort_hours) VALUES (142, 'LA-DDD-0001', 'Se entregó el copiloto en el kick off de MX', 'general', 'Xiomara Monroy', '', 0, '2026-04-22 23:25:32', 'e871e3a572014bac9ff1b00535aa0791', '', 80, 'None', 1.0) ON CONFLICT (note_id) DO NOTHING;
INSERT INTO project_notes (note_id, project_id, note_text, note_type, author, tags, is_private, created_at, entry_group_id, note_title, progress_percent, estimated_end_date, effort_hours) VALUES (143, 'LA-DDD-0001', 'Entregar copiloto a Ecuador y luego otros países de Latam
Hacer seguimento de uso feedback', 'proximo_paso', 'Xiomara Monroy', '', 0, '2026-04-22 23:25:32', 'e871e3a572014bac9ff1b00535aa0791', '', 80, 'None', NULL) ON CONFLICT (note_id) DO NOTHING;
INSERT INTO project_notes (note_id, project_id, note_text, note_type, author, tags, is_private, created_at, entry_group_id, note_title, progress_percent, estimated_end_date, effort_hours) VALUES (144, 'LA-DDD-0001', 'ninguno', 'bloqueador', 'Xiomara Monroy', '', 0, '2026-04-22 23:25:32', 'e871e3a572014bac9ff1b00535aa0791', '', 80, 'None', NULL) ON CONFLICT (note_id) DO NOTHING;
INSERT INTO project_notes (note_id, project_id, note_text, note_type, author, tags, is_private, created_at, entry_group_id, note_title, progress_percent, estimated_end_date, effort_hours) VALUES (145, 'LA-DDD-0001', 'ninguno', 'riesgo', 'Xiomara Monroy', '', 0, '2026-04-22 23:25:32', 'e871e3a572014bac9ff1b00535aa0791', '', 80, 'None', NULL) ON CONFLICT (note_id) DO NOTHING;
INSERT INTO project_notes (note_id, project_id, note_text, note_type, author, tags, is_private, created_at, entry_group_id, note_title, progress_percent, estimated_end_date, effort_hours) VALUES (146, 'MX-DDD-0001', 'La macro está prácticamente cerrada. Carlos ya corrió nuevamente la comparación y todo coincide excepto el scorecard (el cuál se ajusto para que sea flexible a los datos cambiantes por categoria. Antes era fijo y estaba mal) . Se está a la espera del feedback final del usuario', 'general', 'Carlos Montiel', '', 0, '2026-04-22 23:28:05', '2391ba15b1bc4522bcedd5c1bec75ab3', '', 95, '2026-04-30', 5.0) ON CONFLICT (note_id) DO NOTHING;
INSERT INTO project_notes (note_id, project_id, note_text, note_type, author, tags, is_private, created_at, entry_group_id, note_title, progress_percent, estimated_end_date, effort_hours) VALUES (147, 'MX-DDD-0001', 'Esperar feedback del usuario (jueves 30 de abril ). 
Cerrar el proyecto una vez validado el scorecard.', 'proximo_paso', 'Xiomara Monroy', '', 0, '2026-04-22 23:28:05', '2391ba15b1bc4522bcedd5c1bec75ab3', '', 95, '2026-04-30', NULL) ON CONFLICT (note_id) DO NOTHING;
INSERT INTO project_notes (note_id, project_id, note_text, note_type, author, tags, is_private, created_at, entry_group_id, note_title, progress_percent, estimated_end_date, effort_hours) VALUES (148, 'MX-DDD-0001', 'Feedback final del usuario sobre el scorecard por parte de comercial', 'bloqueador', 'Xiomara Monroy', '', 0, '2026-04-22 23:28:05', '2391ba15b1bc4522bcedd5c1bec75ab3', '', 95, '2026-04-30', NULL) ON CONFLICT (note_id) DO NOTHING;
INSERT INTO project_notes (note_id, project_id, note_text, note_type, author, tags, is_private, created_at, entry_group_id, note_title, progress_percent, estimated_end_date, effort_hours) VALUES (149, 'MX-DDD-0001', 'Si el scorecard no coincide o el usuario solicita cambios adicionales (look & feel u otros), el cierre puede retrasarse.', 'riesgo', 'Xiomara Monroy', '', 0, '2026-04-22 23:28:05', '2391ba15b1bc4522bcedd5c1bec75ab3', '', 95, '2026-04-30', NULL) ON CONFLICT (note_id) DO NOTHING;
INSERT INTO project_notes (note_id, project_id, note_text, note_type, author, tags, is_private, created_at, entry_group_id, note_title, progress_percent, estimated_end_date, effort_hours) VALUES (150, 'LA-COPILOT-0001', 'Inicio formal del proyecto Copilot en LATAM. Se validó alcance, objetivos, metodología y rol de Champions, dejando lineamientos claros de gobernanza.', 'general', 'Xiomara Monroy', NULL, 0, '2026-02-11 00:00:00', 'a5348c9efce04d9db5b4ceb81d5545bc', NULL, 0, NULL, 0.5) ON CONFLICT (note_id) DO NOTHING;
INSERT INTO project_notes (note_id, project_id, note_text, note_type, author, tags, is_private, created_at, entry_group_id, note_title, progress_percent, estimated_end_date, effort_hours) VALUES (151, 'LA-COPILOT-0001', 'Enviar calendario final de entrenamientos Microsoft – Gonzalo – feb/2026. Alinear Champions por área para identificación de casos de uso.', 'proximo_paso', 'Xiomara', NULL, 0, '2026-02-11 00:00:00', 'a5348c9efce04d9db5b4ceb81d5545bc', NULL, 0, NULL, NULL) ON CONFLICT (note_id) DO NOTHING;
INSERT INTO project_notes (note_id, project_id, note_text, note_type, author, tags, is_private, created_at, entry_group_id, note_title, progress_percent, estimated_end_date, effort_hours) VALUES (152, 'LA-COPILOT-0001', 'Capacidad inicial de adopción desigual; afecta ritmo del proyecto; lo destraban Champions y PMO.', 'bloqueador', 'Xiomara', NULL, 0, '2026-02-11 00:00:00', 'a5348c9efce04d9db5b4ceb81d5545bc', NULL, 0, NULL, NULL) ON CONFLICT (note_id) DO NOTHING;
INSERT INTO project_notes (note_id, project_id, note_text, note_type, author, tags, is_private, created_at, entry_group_id, note_title, progress_percent, estimated_end_date, effort_hours) VALUES (153, 'LA-COPILOT-0001', 'Riesgo de baja adopción temprana; probabilidad media; mitigar con capacitación obligatoria y comunicación clara.', 'riesgo', 'Xiomara', NULL, 0, '2026-02-11 00:00:00', 'a5348c9efce04d9db5b4ceb81d5545bc', NULL, 0, NULL, NULL) ON CONFLICT (note_id) DO NOTHING;
INSERT INTO project_notes (note_id, project_id, note_text, note_type, author, tags, is_private, created_at, entry_group_id, note_title, progress_percent, estimated_end_date, effort_hours) VALUES (154, 'LA-COPILOT-0001', 'Se revisa inclusión del equipo NOLA en el proyecto. Se confirma participación en entrenamientos, pero no se garantiza licencia para todos por cupo limitado.', 'general', 'Xiomara Monroy', NULL, 0, '2026-02-16 09:00:00', '974adc15a22143a38bd30d210d8c2f90', NULL, 3, NULL, 0.5) ON CONFLICT (note_id) DO NOTHING;
INSERT INTO project_notes (note_id, project_id, note_text, note_type, author, tags, is_private, created_at, entry_group_id, note_title, progress_percent, estimated_end_date, effort_hours) VALUES (155, 'LA-COPILOT-0001', 'Escalar necesidad de licencias vía jefaturas – Xiomara / Jorge – feb/2026. Asegurar acceso al material y sesiones sin licencia.', 'proximo_paso', 'Xiomara', NULL, 0, '2026-02-16 09:00:00', '974adc15a22143a38bd30d210d8c2f90', NULL, 3, NULL, NULL) ON CONFLICT (note_id) DO NOTHING;
INSERT INTO project_notes (note_id, project_id, note_text, note_type, author, tags, is_private, created_at, entry_group_id, note_title, progress_percent, estimated_end_date, effort_hours) VALUES (156, 'LA-COPILOT-0001', 'Licencias Copilot limitadas; impacta capacidad técnica; lo destraba liderazgo regional.', 'bloqueador', 'Xiomara', NULL, 0, '2026-02-16 09:00:00', '974adc15a22143a38bd30d210d8c2f90', NULL, 3, NULL, NULL) ON CONFLICT (note_id) DO NOTHING;
INSERT INTO project_notes (note_id, project_id, note_text, note_type, author, tags, is_private, created_at, entry_group_id, note_title, progress_percent, estimated_end_date, effort_hours) VALUES (157, 'LA-COPILOT-0001', 'Riesgo de subutilizar perfiles técnicos; probabilidad media; mitigar priorizando licencias por impacto.', 'riesgo', 'Xiomara', NULL, 0, '2026-02-16 09:00:00', '974adc15a22143a38bd30d210d8c2f90', NULL, 3, NULL, NULL) ON CONFLICT (note_id) DO NOTHING;
INSERT INTO project_notes (note_id, project_id, note_text, note_type, author, tags, is_private, created_at, entry_group_id, note_title, progress_percent, estimated_end_date, effort_hours) VALUES (158, 'LA-COPILOT-0001', 'Se confirma inclusión al grupo Teams y acceso al calendario de cursos. Se habilita participación activa en entrenamientos del proyecto.', 'general', 'Xiomara Monroy', NULL, 0, '2026-02-16 15:00:00', '903877a95fb3448ab9beb128956a9cc3', NULL, 6, NULL, 0.5) ON CONFLICT (note_id) DO NOTHING;
INSERT INTO project_notes (note_id, project_id, note_text, note_type, author, tags, is_private, created_at, entry_group_id, note_title, progress_percent, estimated_end_date, effort_hours) VALUES (159, 'LA-COPILOT-0001', 'Revisar publicaciones y definir sesiones clave a asistir – NOLA – feb/2026. Monitorear asistencia a entrenamientos críticos.', 'proximo_paso', 'Xiomara', NULL, 0, '2026-02-16 15:00:00', '903877a95fb3448ab9beb128956a9cc3', NULL, 6, NULL, NULL) ON CONFLICT (note_id) DO NOTHING;
INSERT INTO project_notes (note_id, project_id, note_text, note_type, author, tags, is_private, created_at, entry_group_id, note_title, progress_percent, estimated_end_date, effort_hours) VALUES (160, 'LA-COPILOT-0001', 'Sobrecarga de sesiones paralelas; impacto en foco; lo destraban PMO y líderes locales.', 'bloqueador', 'Xiomara', NULL, 0, '2026-02-16 15:00:00', '903877a95fb3448ab9beb128956a9cc3', NULL, 6, NULL, NULL) ON CONFLICT (note_id) DO NOTHING;
INSERT INTO project_notes (note_id, project_id, note_text, note_type, author, tags, is_private, created_at, entry_group_id, note_title, progress_percent, estimated_end_date, effort_hours) VALUES (161, 'LA-COPILOT-0001', 'Riesgo de dispersión de esfuerzo; probabilidad media; mitigar priorizando sesiones core.', 'riesgo', 'Xiomara', NULL, 0, '2026-02-16 15:00:00', '903877a95fb3448ab9beb128956a9cc3', NULL, 6, NULL, NULL) ON CONFLICT (note_id) DO NOTHING;
INSERT INTO project_notes (note_id, project_id, note_text, note_type, author, tags, is_private, created_at, entry_group_id, note_title, progress_percent, estimated_end_date, effort_hours) VALUES (162, 'LA-COPILOT-0001', 'Se aclara que licencias ya fueron definidas fuera del alcance del PM. Las nuevas solicitudes deben gestionarse vía jefaturas.', 'general', 'Xiomara Monroy', NULL, 0, '2026-02-17 00:00:00', 'f0edc7f2fef24484ba456e9c185fc16d', NULL, 9, NULL, 0.5) ON CONFLICT (note_id) DO NOTHING;
INSERT INTO project_notes (note_id, project_id, note_text, note_type, author, tags, is_private, created_at, entry_group_id, note_title, progress_percent, estimated_end_date, effort_hours) VALUES (163, 'LA-COPILOT-0001', 'Formalizar solicitud de licencia con business case – Jorge / Xiomara – feb/2026. Evaluar impacto sin licencia full.', 'proximo_paso', 'Xiomara', NULL, 0, '2026-02-17 00:00:00', 'f0edc7f2fef24484ba456e9c185fc16d', NULL, 9, NULL, NULL) ON CONFLICT (note_id) DO NOTHING;
INSERT INTO project_notes (note_id, project_id, note_text, note_type, author, tags, is_private, created_at, entry_group_id, note_title, progress_percent, estimated_end_date, effort_hours) VALUES (164, 'LA-COPILOT-0001', 'Gobernanza de licencias centralizada; limita flexibilidad; lo destraba dirección regional.', 'bloqueador', 'Xiomara', NULL, 0, '2026-02-17 00:00:00', 'f0edc7f2fef24484ba456e9c185fc16d', NULL, 9, NULL, NULL) ON CONFLICT (note_id) DO NOTHING;
INSERT INTO project_notes (note_id, project_id, note_text, note_type, author, tags, is_private, created_at, entry_group_id, note_title, progress_percent, estimated_end_date, effort_hours) VALUES (165, 'LA-COPILOT-0001', 'Riesgo de fricción entre equipos; probabilidad baja-media; mitigar con criterios claros de asignación.', 'riesgo', 'Xiomara', NULL, 0, '2026-02-17 00:00:00', 'f0edc7f2fef24484ba456e9c185fc16d', NULL, 9, NULL, NULL) ON CONFLICT (note_id) DO NOTHING;
INSERT INTO project_notes (note_id, project_id, note_text, note_type, author, tags, is_private, created_at, entry_group_id, note_title, progress_percent, estimated_end_date, effort_hours) VALUES (166, 'LA-COPILOT-0001', 'Creación de Copilot para generar business case y aterrizar ideas del equipo.', 'general', 'Xiomara Monroy', NULL, 0, '2026-03-07 00:00:00', 'b13b7d3e21e9453f9c4abc751c39885e', NULL, 12, NULL, 1.0) ON CONFLICT (note_id) DO NOTHING;
INSERT INTO project_notes (note_id, project_id, note_text, note_type, author, tags, is_private, created_at, entry_group_id, note_title, progress_percent, estimated_end_date, effort_hours) VALUES (167, 'LA-COPILOT-0001', 'Crear business case con ideas a implementar. Evaluar impacto sin licencia full.', 'proximo_paso', 'Xiomara', NULL, 0, '2026-03-07 00:00:00', 'b13b7d3e21e9453f9c4abc751c39885e', NULL, 12, NULL, NULL) ON CONFLICT (note_id) DO NOTHING;
INSERT INTO project_notes (note_id, project_id, note_text, note_type, author, tags, is_private, created_at, entry_group_id, note_title, progress_percent, estimated_end_date, effort_hours) VALUES (168, 'LA-COPILOT-0001', 'Riesgo de que no usen la herramienta; probabilidad media.', 'riesgo', 'Xiomara', NULL, 0, '2026-03-07 00:00:00', 'b13b7d3e21e9453f9c4abc751c39885e', NULL, 12, NULL, NULL) ON CONFLICT (note_id) DO NOTHING;
INSERT INTO project_notes (note_id, project_id, note_text, note_type, author, tags, is_private, created_at, entry_group_id, note_title, progress_percent, estimated_end_date, effort_hours) VALUES (169, 'LA-COPILOT-0001', 'Creación de business case con ideas que se podrían desarrollar.', 'general', 'Carlos Montiel', NULL, 0, '2026-03-20 00:00:00', '0774162d9385414e8caa4adc87066537', NULL, 15, NULL, 1.0) ON CONFLICT (note_id) DO NOTHING;
INSERT INTO project_notes (note_id, project_id, note_text, note_type, author, tags, is_private, created_at, entry_group_id, note_title, progress_percent, estimated_end_date, effort_hours) VALUES (170, 'LA-COPILOT-0001', 'Presentar avances al board. Evaluar impacto sin licencia full.', 'proximo_paso', 'Xiomara', NULL, 0, '2026-03-20 00:00:00', '0774162d9385414e8caa4adc87066537', NULL, 15, NULL, NULL) ON CONFLICT (note_id) DO NOTHING;
INSERT INTO project_notes (note_id, project_id, note_text, note_type, author, tags, is_private, created_at, entry_group_id, note_title, progress_percent, estimated_end_date, effort_hours) VALUES (171, 'LA-COPILOT-0001', 'Se presentan avances: +30 agentes y feedback del leadership. Se redefine foco hacia adopción, métricas de impacto y control de scope.', 'general', 'Xiomara Monroy', NULL, 0, '2026-04-10 00:00:00', '656f8078d313422f9ae36dd732e13131', NULL, 18, NULL, 0.5) ON CONFLICT (note_id) DO NOTHING;
INSERT INTO project_notes (note_id, project_id, note_text, note_type, author, tags, is_private, created_at, entry_group_id, note_title, progress_percent, estimated_end_date, effort_hours) VALUES (172, 'LA-COPILOT-0001', 'Priorizar agentes con matriz impacto/esfuerzo – Gonzalo + Champions – abr/2026. Definir KPIs de adopción por agente – Xiomara – abr/2026.', 'proximo_paso', 'Xiomara', NULL, 0, '2026-04-10 00:00:00', '656f8078d313422f9ae36dd732e13131', NULL, 18, NULL, NULL) ON CONFLICT (note_id) DO NOTHING;
INSERT INTO project_notes (note_id, project_id, note_text, note_type, author, tags, is_private, created_at, entry_group_id, note_title, progress_percent, estimated_end_date, effort_hours) VALUES (173, 'LA-COPILOT-0001', 'Falta de métricas de adopción estandarizadas; impacta escalamiento; lo destraba PMO.', 'bloqueador', 'Xiomara', NULL, 0, '2026-04-10 00:00:00', '656f8078d313422f9ae36dd732e13131', NULL, 18, NULL, NULL) ON CONFLICT (note_id) DO NOTHING;
INSERT INTO project_notes (note_id, project_id, note_text, note_type, author, tags, is_private, created_at, entry_group_id, note_title, progress_percent, estimated_end_date, effort_hours) VALUES (174, 'LA-COPILOT-0001', 'Riesgo de exceso de scope; probabilidad alta; mitigar con MVP claro y criterios go/no-go.', 'riesgo', 'Xiomara', NULL, 0, '2026-04-10 00:00:00', '656f8078d313422f9ae36dd732e13131', NULL, 18, NULL, NULL) ON CONFLICT (note_id) DO NOTHING;
INSERT INTO project_notes (note_id, project_id, note_text, note_type, author, tags, is_private, created_at, entry_group_id, note_title, progress_percent, estimated_end_date, effort_hours) VALUES (175, 'MX-DDD-0004', 'Llegó feedback nuevamente con errores y aún no se ha revisado la causa de fondo.', 'general', 'Luis Astudillo', '', 0, '2026-04-28 23:56:12', '6f586c4ca970491e92ce8048d596b8f9', '', 95, '2026-05-08', 3.0) ON CONFLICT (note_id) DO NOTHING;
INSERT INTO project_notes (note_id, project_id, note_text, note_type, author, tags, is_private, created_at, entry_group_id, note_title, progress_percent, estimated_end_date, effort_hours) VALUES (176, 'MX-DDD-0004', 'Luis revisará el problema cuando termine MTR, con el objetivo de tenerlo revisado al final de esta semana.', 'proximo_paso', 'Xiomara Monroy', '', 0, '2026-04-28 23:56:12', '6f586c4ca970491e92ce8048d596b8f9', '', 95, '2026-05-08', NULL) ON CONFLICT (note_id) DO NOTHING;
INSERT INTO project_notes (note_id, project_id, note_text, note_type, author, tags, is_private, created_at, entry_group_id, note_title, progress_percent, estimated_end_date, effort_hours) VALUES (177, 'MX-DDD-0004', 'La revisión está diferida hasta terminar el trabajo prioritario de MTR.', 'bloqueador', 'Xiomara Monroy', '', 0, '2026-04-28 23:56:12', '6f586c4ca970491e92ce8048d596b8f9', '', 95, '2026-05-08', NULL) ON CONFLICT (note_id) DO NOTHING;
INSERT INTO project_notes (note_id, project_id, note_text, note_type, author, tags, is_private, created_at, entry_group_id, note_title, progress_percent, estimated_end_date, effort_hours) VALUES (178, 'MX-DDD-0004', 'Si el archivo de entrada cambia entre ejecuciones (por ejemplo, nuevas columnas), los errores pueden reaparecer.', 'riesgo', 'Xiomara Monroy', '', 0, '2026-04-28 23:56:12', '6f586c4ca970491e92ce8048d596b8f9', '', 95, '2026-05-08', NULL) ON CONFLICT (note_id) DO NOTHING;
INSERT INTO project_notes (note_id, project_id, note_text, note_type, author, tags, is_private, created_at, entry_group_id, note_title, progress_percent, estimated_end_date, effort_hours) VALUES (179, 'MX-DDD-0001', 'Carlos implementó un parche para variaciones de formato (cuando no viene la palabra “total”) y aplicó ajustes de look & feel, dejando el código listo para pruebas.', 'general', 'Carlos Montiel', '', 0, '2026-04-28 23:57:59', 'fbb6006cc08a4574a8010b20be768aca', '', 95, 'None', 4.0) ON CONFLICT (note_id) DO NOTHING;
INSERT INTO project_notes (note_id, project_id, note_text, note_type, author, tags, is_private, created_at, entry_group_id, note_title, progress_percent, estimated_end_date, effort_hours) VALUES (180, 'MX-DDD-0001', 'Suelen debe probar el código con las bases cuando estén disponibles, ya que el cambio quedó preparado para que ella lo valide.', 'proximo_paso', 'Xiomara Monroy', '', 0, '2026-04-28 23:57:59', 'fbb6006cc08a4574a8010b20be768aca', '', 95, 'None', NULL) ON CONFLICT (note_id) DO NOTHING;
INSERT INTO project_notes (note_id, project_id, note_text, note_type, author, tags, is_private, created_at, entry_group_id, note_title, progress_percent, estimated_end_date, effort_hours) VALUES (181, 'MX-DDD-0001', 'ninguno', 'bloqueador', 'Xiomara Monroy', '', 0, '2026-04-28 23:57:59', 'fbb6006cc08a4574a8010b20be768aca', '', 95, 'None', NULL) ON CONFLICT (note_id) DO NOTHING;
INSERT INTO project_notes (note_id, project_id, note_text, note_type, author, tags, is_private, created_at, entry_group_id, note_title, progress_percent, estimated_end_date, effort_hours) VALUES (182, 'MX-DDD-0001', 'ninguno', 'riesgo', 'Xiomara Monroy', '', 0, '2026-04-28 23:57:59', 'fbb6006cc08a4574a8010b20be768aca', '', 95, 'None', NULL) ON CONFLICT (note_id) DO NOTHING;
INSERT INTO project_notes (note_id, project_id, note_text, note_type, author, tags, is_private, created_at, entry_group_id, note_title, progress_percent, estimated_end_date, effort_hours) VALUES (183, 'LA-DDD-0002', 'Se esta configurando la presentación de Coppel con el texto a incluir en las diapositivas', 'general', 'Xiomara Monroy', '', 0, '2026-04-30 16:27:28', '86cba6dfecb44f848e05bd516153115f', '', 55, 'None', 30.0) ON CONFLICT (note_id) DO NOTHING;
INSERT INTO project_notes (note_id, project_id, note_text, note_type, author, tags, is_private, created_at, entry_group_id, note_title, progress_percent, estimated_end_date, effort_hours) VALUES (184, 'LA-DDD-0002', 'ninguno', 'bloqueador', 'Xiomara Monroy', '', 0, '2026-04-30 16:27:28', '86cba6dfecb44f848e05bd516153115f', '', 55, 'None', NULL) ON CONFLICT (note_id) DO NOTHING;
INSERT INTO project_notes (note_id, project_id, note_text, note_type, author, tags, is_private, created_at, entry_group_id, note_title, progress_percent, estimated_end_date, effort_hours) VALUES (185, 'LA-DDD-0002', 'de ajuste de funciones para tener el texto bien en los slides', 'riesgo', 'Xiomara Monroy', '', 0, '2026-04-30 16:27:28', '86cba6dfecb44f848e05bd516153115f', '', 55, 'None', NULL) ON CONFLICT (note_id) DO NOTHING;
INSERT INTO project_notes (note_id, project_id, note_text, note_type, author, tags, is_private, created_at, entry_group_id, note_title, progress_percent, estimated_end_date, effort_hours) VALUES (186, 'LA-DDD-0001', 'Se envió a los CM el agente para que lo repartieran a sus equipos', 'general', 'Xiomara Monroy', '', 0, '2026-04-30 16:28:54', 'a63944e7806e4b20ac8f12503b0f6b77', '', 85, 'None', 0.5) ON CONFLICT (note_id) DO NOTHING;
INSERT INTO project_notes (note_id, project_id, note_text, note_type, author, tags, is_private, created_at, entry_group_id, note_title, progress_percent, estimated_end_date, effort_hours) VALUES (187, 'LA-DDD-0001', 'En un mes se pedira feedback', 'proximo_paso', 'Xiomara Monroy', '', 0, '2026-04-30 16:28:54', 'a63944e7806e4b20ac8f12503b0f6b77', '', 85, 'None', NULL) ON CONFLICT (note_id) DO NOTHING;
INSERT INTO project_notes (note_id, project_id, note_text, note_type, author, tags, is_private, created_at, entry_group_id, note_title, progress_percent, estimated_end_date, effort_hours) VALUES (188, 'LA-DDD-0001', 'Ninguno', 'bloqueador', 'Xiomara Monroy', '', 0, '2026-04-30 16:28:54', 'a63944e7806e4b20ac8f12503b0f6b77', '', 85, 'None', NULL) ON CONFLICT (note_id) DO NOTHING;
INSERT INTO project_notes (note_id, project_id, note_text, note_type, author, tags, is_private, created_at, entry_group_id, note_title, progress_percent, estimated_end_date, effort_hours) VALUES (189, 'LA-DDD-0001', 'Que los CM no envíen los correos a sus equipos comerciales', 'riesgo', 'Xiomara Monroy', '', 0, '2026-04-30 16:28:54', 'a63944e7806e4b20ac8f12503b0f6b77', '', 85, 'None', NULL) ON CONFLICT (note_id) DO NOTHING;
INSERT INTO project_notes (note_id, project_id, note_text, note_type, author, tags, is_private, created_at, entry_group_id, note_title, progress_percent, estimated_end_date, effort_hours) VALUES (190, 'MX-DDD-0001', 'Carlos hizo ajustes con el feedback de Suelen y se volvió a compartir el programa', 'general', 'Carlos Montiel', '', 0, '2026-04-30 16:36:31', '9b3a0fbd1c2f4fcf89ea602a133e32c7', '', 96, 'None', 3.0) ON CONFLICT (note_id) DO NOTHING;
INSERT INTO project_notes (note_id, project_id, note_text, note_type, author, tags, is_private, created_at, entry_group_id, note_title, progress_percent, estimated_end_date, effort_hours) VALUES (191, 'MX-DDD-0001', 'Feedback de uso por parte de D&D', 'proximo_paso', 'Xiomara Monroy', '', 0, '2026-04-30 16:36:31', '9b3a0fbd1c2f4fcf89ea602a133e32c7', '', 96, 'None', NULL) ON CONFLICT (note_id) DO NOTHING;
INSERT INTO project_notes (note_id, project_id, note_text, note_type, author, tags, is_private, created_at, entry_group_id, note_title, progress_percent, estimated_end_date, effort_hours) VALUES (192, 'MX-DDD-0001', 'Tiempo de D&D', 'riesgo', 'Xiomara Monroy', '', 0, '2026-04-30 16:36:31', '9b3a0fbd1c2f4fcf89ea602a133e32c7', '', 96, 'None', NULL) ON CONFLICT (note_id) DO NOTHING;
INSERT INTO project_notes (note_id, project_id, note_text, note_type, author, tags, is_private, created_at, entry_group_id, note_title, progress_percent, estimated_end_date, effort_hours) VALUES (193, 'LA-COPILOT-0001', 'Gonzalo presentó el plan de implementación para la gobernanza de IA que creó en conjunto con Xiomara. Las licencias nuevas se darán en Junio', 'general', 'Xiomara Monroy', '', 0, '2026-04-30 16:42:01', '1db702532b0f4a4b9fc7e9e6b38cfd1d', '', 20, 'None', 0.5) ON CONFLICT (note_id) DO NOTHING;
INSERT INTO project_notes (note_id, project_id, note_text, note_type, author, tags, is_private, created_at, entry_group_id, note_title, progress_percent, estimated_end_date, effort_hours) VALUES (194, 'LA-COPILOT-0001', 'Presentación de gobernanza a Stakeholders', 'proximo_paso', 'Xiomara Monroy', '', 0, '2026-04-30 16:42:01', '1db702532b0f4a4b9fc7e9e6b38cfd1d', '', 20, 'None', NULL) ON CONFLICT (note_id) DO NOTHING;
INSERT INTO project_notes (note_id, project_id, note_text, note_type, author, tags, is_private, created_at, entry_group_id, note_title, progress_percent, estimated_end_date, effort_hours) VALUES (195, 'LA-COPILOT-0001', 'Por delay en la entrega de licencias a algunos champions', 'riesgo', 'Xiomara Monroy', '', 0, '2026-04-30 16:42:01', '1db702532b0f4a4b9fc7e9e6b38cfd1d', '', 20, 'None', NULL) ON CONFLICT (note_id) DO NOTHING;
INSERT INTO project_notes (note_id, project_id, note_text, note_type, author, tags, is_private, created_at, entry_group_id, note_title, progress_percent, estimated_end_date, effort_hours) VALUES (196, 'MX-DDD-0005', 'Se acordó avanzar con la automatización del armado de Order Forms para eliminar trabajo manual, con script que ya genera listados por cliente/categoría y completa información parcial desde Package Master.', 'general', 'Xiomara Monroy', '', 0, '2026-04-30 17:20:26', 'a739d58293e64d89b426e8028f3866db', '', 0, 'None', 3.0) ON CONFLICT (note_id) DO NOTHING;
INSERT INTO project_notes (note_id, project_id, note_text, note_type, author, tags, is_private, created_at, entry_group_id, note_title, progress_percent, estimated_end_date, effort_hours) VALUES (197, 'MX-DDD-0005', 'Migrar la fuente al archivo concentrado, implementar el llenado automático de Permission Market Scope y Product usando Market Scope ID y jerarquías únicas, y realizar prueba y validación tras el cambio.', 'proximo_paso', 'Xiomara Monroy', '', 0, '2026-04-30 17:20:26', 'a739d58293e64d89b426e8028f3866db', '', 0, 'None', NULL) ON CONFLICT (note_id) DO NOTHING;
INSERT INTO project_notes (note_id, project_id, note_text, note_type, author, tags, is_private, created_at, entry_group_id, note_title, progress_percent, estimated_end_date, effort_hours) VALUES (198, 'MX-DDD-0005', 'Acceso a carpetas/código y disponibilidad del reporte/archivo de jerarquías para completar la lógica.', 'bloqueador', 'Xiomara Monroy', '', 0, '2026-04-30 17:20:26', 'a739d58293e64d89b426e8028f3866db', '', 0, 'None', NULL) ON CONFLICT (note_id) DO NOTHING;
INSERT INTO project_notes (note_id, project_id, note_text, note_type, author, tags, is_private, created_at, entry_group_id, note_title, progress_percent, estimated_end_date, effort_hours) VALUES (199, 'MX-DDD-0005', 'Persistencia de trabajo manual si la automatización queda incompleta, inconsistencias por duplicados de jerarquías/IDs y riesgo de continuidad por transición de ownership del código.', 'riesgo', 'Xiomara Monroy', '', 0, '2026-04-30 17:20:26', 'a739d58293e64d89b426e8028f3866db', '', 0, 'None', NULL) ON CONFLICT (note_id) DO NOTHING;
INSERT INTO project_notes (note_id, project_id, note_text, note_type, author, tags, is_private, created_at, entry_group_id, note_title, progress_percent, estimated_end_date, effort_hours) VALUES (200, 'MX-DDD-0006', 'Se acordó avanzar con el rediseño y automatización del reporte Usage OFW Nestlé en Power BI, validando un flujo de análisis claro y sin agregar nuevas métricas.', 'general', 'Xiomara Monroy', '', 0, '2026-04-30 19:01:22', 'beaf7b8fd0744630bc5ac983e90a2d96', '', 0, 'None', 3.0) ON CONFLICT (note_id) DO NOTHING;
INSERT INTO project_notes (note_id, project_id, note_text, note_type, author, tags, is_private, created_at, entry_group_id, note_title, progress_percent, estimated_end_date, effort_hours) VALUES (201, 'MX-DDD-0006', 'Cerrar y aprobar el diseño visual del dashboard para iniciar cálculos, modelado de datos, ETL y construcción en Power BI.', 'proximo_paso', 'Xiomara Monroy', '', 0, '2026-04-30 19:01:22', 'beaf7b8fd0744630bc5ac983e90a2d96', '', 0, 'None', NULL) ON CONFLICT (note_id) DO NOTHING;
INSERT INTO project_notes (note_id, project_id, note_text, note_type, author, tags, is_private, created_at, entry_group_id, note_title, progress_percent, estimated_end_date, effort_hours) VALUES (202, 'MX-DDD-0006', 'Aprobación final del layout y definición cerrada de jerarquías, comparativos y reglas de Top platillos.', 'bloqueador', 'Xiomara Monroy', '', 0, '2026-04-30 19:01:22', 'beaf7b8fd0744630bc5ac983e90a2d96', '', 0, 'None', NULL) ON CONFLICT (note_id) DO NOTHING;
INSERT INTO project_notes (note_id, project_id, note_text, note_type, author, tags, is_private, created_at, entry_group_id, note_title, progress_percent, estimated_end_date, effort_hours) VALUES (203, 'MX-DDD-0006', 'Replicar la complejidad del Excel original, generar datos no reportables por alta granularidad o retrasos por iteraciones prolongadas de diseño.', 'riesgo', 'Xiomara Monroy', '', 0, '2026-04-30 19:01:22', 'beaf7b8fd0744630bc5ac983e90a2d96', '', 0, 'None', NULL) ON CONFLICT (note_id) DO NOTHING;
INSERT INTO project_notes (note_id, project_id, note_text, note_type, author, tags, is_private, created_at, entry_group_id, note_title, progress_percent, estimated_end_date, effort_hours) VALUES (204, 'LA-DDD-0001', 'Se presentó el agente a Chile y Argentina para que realicen sus pruebas', 'general', 'Xiomara Monroy', '', 0, '2026-05-19 19:27:52', 'deae58f8711d4d039d3c2d9fd859ad62', '', 95, '2026-06-20', 2.0) ON CONFLICT (note_id) DO NOTHING;
INSERT INTO project_notes (note_id, project_id, note_text, note_type, author, tags, is_private, created_at, entry_group_id, note_title, progress_percent, estimated_end_date, effort_hours) VALUES (205, 'LA-DDD-0001', 'enviar formularios de feedback', 'proximo_paso', 'Xiomara Monroy', '', 0, '2026-05-19 19:27:52', 'deae58f8711d4d039d3c2d9fd859ad62', '', 95, '2026-06-20', NULL) ON CONFLICT (note_id) DO NOTHING;
INSERT INTO project_notes (note_id, project_id, note_text, note_type, author, tags, is_private, created_at, entry_group_id, note_title, progress_percent, estimated_end_date, effort_hours) VALUES (206, 'LA-DDD-0001', 'Ninguno', 'bloqueador', 'Xiomara Monroy', '', 0, '2026-05-19 19:27:52', 'deae58f8711d4d039d3c2d9fd859ad62', '', 95, '2026-06-20', NULL) ON CONFLICT (note_id) DO NOTHING;
INSERT INTO project_notes (note_id, project_id, note_text, note_type, author, tags, is_private, created_at, entry_group_id, note_title, progress_percent, estimated_end_date, effort_hours) VALUES (207, 'LA-DDD-0001', 'que no usen la herramienta, mitigar con recordatorios', 'riesgo', 'Xiomara Monroy', '', 0, '2026-05-19 19:27:52', 'deae58f8711d4d039d3c2d9fd859ad62', '', 95, '2026-06-20', NULL) ON CONFLICT (note_id) DO NOTHING;
INSERT INTO project_notes (note_id, project_id, note_text, note_type, author, tags, is_private, created_at, entry_group_id, note_title, progress_percent, estimated_end_date, effort_hours) VALUES (228, 'MX-DDD-0001', 'Se probaron los archivos reportados con errores y el codigo funciona correctamente con los ultimos cambios aplicados.', 'general', 'Carlos Montiel', '', 0, '2026-05-05 16:05:00', '4f987de5b7ce42ea872f893cd9559b05', 'Seguimiento 2026-05-05', 97, NULL, 3.0) ON CONFLICT (note_id) DO NOTHING;
INSERT INTO project_notes (note_id, project_id, note_text, note_type, author, tags, is_private, created_at, entry_group_id, note_title, progress_percent, estimated_end_date, effort_hours) VALUES (229, 'MX-DDD-0001', 'Validar el archivo restante pendiente cuando este disponible para prueba.', 'proximo_paso', 'Xiomara', '', 0, '2026-05-05 16:05:00', '4f987de5b7ce42ea872f893cd9559b05', 'Seguimiento 2026-05-05', NULL, NULL, NULL) ON CONFLICT (note_id) DO NOTHING;
INSERT INTO project_notes (note_id, project_id, note_text, note_type, author, tags, is_private, created_at, entry_group_id, note_title, progress_percent, estimated_end_date, effort_hours) VALUES (230, 'MX-DDD-0001', 'Ninguno.', 'bloqueador', 'Xiomara', '', 0, '2026-05-05 16:05:00', '4f987de5b7ce42ea872f893cd9559b05', 'Seguimiento 2026-05-05', NULL, NULL, NULL) ON CONFLICT (note_id) DO NOTHING;
INSERT INTO project_notes (note_id, project_id, note_text, note_type, author, tags, is_private, created_at, entry_group_id, note_title, progress_percent, estimated_end_date, effort_hours) VALUES (231, 'MX-DDD-0001', 'Ninguno.', 'riesgo', 'Xiomara', '', 0, '2026-05-05 16:05:00', '4f987de5b7ce42ea872f893cd9559b05', 'Seguimiento 2026-05-05', NULL, NULL, NULL) ON CONFLICT (note_id) DO NOTHING;
INSERT INTO project_notes (note_id, project_id, note_text, note_type, author, tags, is_private, created_at, entry_group_id, note_title, progress_percent, estimated_end_date, effort_hours) VALUES (232, 'MX-DDD-0001', 'Se indico que el desarrollo pasara a etapa de pruebas por parte de D&D para su entrega final.', 'general', 'Carlos Montiel', '', 0, '2026-05-11 16:05:00', '6489dbaa308941b1bde042158961e3a3', 'Seguimiento 2026-05-11', 97, NULL, 2.0) ON CONFLICT (note_id) DO NOTHING;
INSERT INTO project_notes (note_id, project_id, note_text, note_type, author, tags, is_private, created_at, entry_group_id, note_title, progress_percent, estimated_end_date, effort_hours) VALUES (233, 'MX-DDD-0001', 'Ejecutar pruebas y mover el estado a completado cuando finalicen.', 'proximo_paso', 'Xiomara', '', 0, '2026-05-11 16:05:00', '6489dbaa308941b1bde042158961e3a3', 'Seguimiento 2026-05-11', NULL, NULL, NULL) ON CONFLICT (note_id) DO NOTHING;
INSERT INTO project_notes (note_id, project_id, note_text, note_type, author, tags, is_private, created_at, entry_group_id, note_title, progress_percent, estimated_end_date, effort_hours) VALUES (234, 'MX-DDD-0001', 'Ninguno.', 'bloqueador', 'Xiomara', '', 0, '2026-05-11 16:05:00', '6489dbaa308941b1bde042158961e3a3', 'Seguimiento 2026-05-11', NULL, NULL, NULL) ON CONFLICT (note_id) DO NOTHING;
INSERT INTO project_notes (note_id, project_id, note_text, note_type, author, tags, is_private, created_at, entry_group_id, note_title, progress_percent, estimated_end_date, effort_hours) VALUES (235, 'MX-DDD-0001', 'Ninguno.', 'riesgo', 'Xiomara', '', 0, '2026-05-11 16:05:00', '6489dbaa308941b1bde042158961e3a3', 'Seguimiento 2026-05-11', NULL, NULL, NULL) ON CONFLICT (note_id) DO NOTHING;
INSERT INTO project_notes (note_id, project_id, note_text, note_type, author, tags, is_private, created_at, entry_group_id, note_title, progress_percent, estimated_end_date, effort_hours) VALUES (236, 'MX-DDD-0001', 'Programa final entregado a D&D para sus pruebas.', 'general', 'Carlos Montiel', '', 0, '2026-05-19 16:05:00', '00d80f46b9d243019e905f6e7b96a766', 'Seguimiento 2026-05-19', 98, NULL, 2.0) ON CONFLICT (note_id) DO NOTHING;
INSERT INTO project_notes (note_id, project_id, note_text, note_type, author, tags, is_private, created_at, entry_group_id, note_title, progress_percent, estimated_end_date, effort_hours) VALUES (237, 'MX-DDD-0001', 'Recibir feedback para cerrar el proyecto.', 'proximo_paso', 'Xiomara', '', 0, '2026-05-19 16:05:00', '00d80f46b9d243019e905f6e7b96a766', 'Seguimiento 2026-05-19', NULL, NULL, NULL) ON CONFLICT (note_id) DO NOTHING;
INSERT INTO project_notes (note_id, project_id, note_text, note_type, author, tags, is_private, created_at, entry_group_id, note_title, progress_percent, estimated_end_date, effort_hours) VALUES (238, 'MX-DDD-0001', 'Ninguno.', 'bloqueador', 'Xiomara', '', 0, '2026-05-19 16:05:00', '00d80f46b9d243019e905f6e7b96a766', 'Seguimiento 2026-05-19', NULL, NULL, NULL) ON CONFLICT (note_id) DO NOTHING;
INSERT INTO project_notes (note_id, project_id, note_text, note_type, author, tags, is_private, created_at, entry_group_id, note_title, progress_percent, estimated_end_date, effort_hours) VALUES (239, 'MX-DDD-0001', 'Ninguno.', 'riesgo', 'Xiomara', '', 0, '2026-05-19 16:05:00', '00d80f46b9d243019e905f6e7b96a766', 'Seguimiento 2026-05-19', NULL, NULL, NULL) ON CONFLICT (note_id) DO NOTHING;
INSERT INTO project_notes (note_id, project_id, note_text, note_type, author, tags, is_private, created_at, entry_group_id, note_title, progress_percent, estimated_end_date, effort_hours) VALUES (240, 'HI-DDD-0001', 'No se registraron avances ni cambios en este frente.', 'general', 'Xiomara', '', 0, '2026-05-05 16:05:00', 'e00a36dd3bc647e485ac640f67da6bf2', 'Seguimiento 2026-05-05', 10, NULL, NULL) ON CONFLICT (note_id) DO NOTHING;
INSERT INTO project_notes (note_id, project_id, note_text, note_type, author, tags, is_private, created_at, entry_group_id, note_title, progress_percent, estimated_end_date, effort_hours) VALUES (241, 'HI-DDD-0001', 'Retomar actividades cuando se priorice nuevamente.', 'proximo_paso', 'Xiomara', '', 0, '2026-05-05 16:05:00', 'e00a36dd3bc647e485ac640f67da6bf2', 'Seguimiento 2026-05-05', NULL, NULL, NULL) ON CONFLICT (note_id) DO NOTHING;
INSERT INTO project_notes (note_id, project_id, note_text, note_type, author, tags, is_private, created_at, entry_group_id, note_title, progress_percent, estimated_end_date, effort_hours) VALUES (242, 'HI-DDD-0001', 'Ninguno.', 'bloqueador', 'Xiomara', '', 0, '2026-05-05 16:05:00', 'e00a36dd3bc647e485ac640f67da6bf2', 'Seguimiento 2026-05-05', NULL, NULL, NULL) ON CONFLICT (note_id) DO NOTHING;
INSERT INTO project_notes (note_id, project_id, note_text, note_type, author, tags, is_private, created_at, entry_group_id, note_title, progress_percent, estimated_end_date, effort_hours) VALUES (243, 'HI-DDD-0001', 'Ninguno.', 'riesgo', 'Xiomara', '', 0, '2026-05-05 16:05:00', 'e00a36dd3bc647e485ac640f67da6bf2', 'Seguimiento 2026-05-05', NULL, NULL, NULL) ON CONFLICT (note_id) DO NOTHING;
INSERT INTO project_notes (note_id, project_id, note_text, note_type, author, tags, is_private, created_at, entry_group_id, note_title, progress_percent, estimated_end_date, effort_hours) VALUES (244, 'HI-DDD-0001', 'No se registraron avances ni cambios en este frente.', 'general', 'Xiomara', '', 0, '2026-05-11 16:05:00', '34ea8528e28d40f4b50fdad8407e908c', 'Seguimiento 2026-05-11', 10, NULL, NULL) ON CONFLICT (note_id) DO NOTHING;
INSERT INTO project_notes (note_id, project_id, note_text, note_type, author, tags, is_private, created_at, entry_group_id, note_title, progress_percent, estimated_end_date, effort_hours) VALUES (245, 'HI-DDD-0001', 'Retomar actividades cuando se priorice nuevamente.', 'proximo_paso', 'Xiomara', '', 0, '2026-05-11 16:05:00', '34ea8528e28d40f4b50fdad8407e908c', 'Seguimiento 2026-05-11', NULL, NULL, NULL) ON CONFLICT (note_id) DO NOTHING;
INSERT INTO project_notes (note_id, project_id, note_text, note_type, author, tags, is_private, created_at, entry_group_id, note_title, progress_percent, estimated_end_date, effort_hours) VALUES (246, 'HI-DDD-0001', 'Ninguno.', 'bloqueador', 'Xiomara', '', 0, '2026-05-11 16:05:00', '34ea8528e28d40f4b50fdad8407e908c', 'Seguimiento 2026-05-11', NULL, NULL, NULL) ON CONFLICT (note_id) DO NOTHING;
INSERT INTO project_notes (note_id, project_id, note_text, note_type, author, tags, is_private, created_at, entry_group_id, note_title, progress_percent, estimated_end_date, effort_hours) VALUES (247, 'HI-DDD-0001', 'Ninguno.', 'riesgo', 'Xiomara', '', 0, '2026-05-11 16:05:00', '34ea8528e28d40f4b50fdad8407e908c', 'Seguimiento 2026-05-11', NULL, NULL, NULL) ON CONFLICT (note_id) DO NOTHING;
INSERT INTO project_notes (note_id, project_id, note_text, note_type, author, tags, is_private, created_at, entry_group_id, note_title, progress_percent, estimated_end_date, effort_hours) VALUES (248, 'HI-DDD-0001', 'No se registraron avances ni cambios en este frente.', 'general', 'Xiomara', '', 0, '2026-05-18 16:05:00', '600df1eae8d94ec5bd69bdbdb88b0921', 'Seguimiento 2026-05-18', 10, NULL, NULL) ON CONFLICT (note_id) DO NOTHING;
INSERT INTO project_notes (note_id, project_id, note_text, note_type, author, tags, is_private, created_at, entry_group_id, note_title, progress_percent, estimated_end_date, effort_hours) VALUES (249, 'HI-DDD-0001', 'Retomar actividades cuando se priorice nuevamente.', 'proximo_paso', 'Xiomara', '', 0, '2026-05-18 16:05:00', '600df1eae8d94ec5bd69bdbdb88b0921', 'Seguimiento 2026-05-18', NULL, NULL, NULL) ON CONFLICT (note_id) DO NOTHING;
INSERT INTO project_notes (note_id, project_id, note_text, note_type, author, tags, is_private, created_at, entry_group_id, note_title, progress_percent, estimated_end_date, effort_hours) VALUES (250, 'HI-DDD-0001', 'Ninguno.', 'bloqueador', 'Xiomara', '', 0, '2026-05-18 16:05:00', '600df1eae8d94ec5bd69bdbdb88b0921', 'Seguimiento 2026-05-18', NULL, NULL, NULL) ON CONFLICT (note_id) DO NOTHING;
INSERT INTO project_notes (note_id, project_id, note_text, note_type, author, tags, is_private, created_at, entry_group_id, note_title, progress_percent, estimated_end_date, effort_hours) VALUES (251, 'HI-DDD-0001', 'Ninguno.', 'riesgo', 'Xiomara', '', 0, '2026-05-18 16:05:00', '600df1eae8d94ec5bd69bdbdb88b0921', 'Seguimiento 2026-05-18', NULL, NULL, NULL) ON CONFLICT (note_id) DO NOTHING;
INSERT INTO project_notes (note_id, project_id, note_text, note_type, author, tags, is_private, created_at, entry_group_id, note_title, progress_percent, estimated_end_date, effort_hours) VALUES (252, 'MX-DDD-0004', 'No se ha avanzado en revision de errores debido a prioridad en otros desarrollos.', 'general', 'Xiomara', '', 0, '2026-05-05 16:05:00', '4ce401ceac524914aeb4bcbece419330', 'Seguimiento 2026-05-05', 95, NULL, NULL) ON CONFLICT (note_id) DO NOTHING;
INSERT INTO project_notes (note_id, project_id, note_text, note_type, author, tags, is_private, created_at, entry_group_id, note_title, progress_percent, estimated_end_date, effort_hours) VALUES (253, 'MX-DDD-0004', 'Retomar analisis de errores cuando se libere capacidad.', 'proximo_paso', 'Xiomara', '', 0, '2026-05-05 16:05:00', '4ce401ceac524914aeb4bcbece419330', 'Seguimiento 2026-05-05', NULL, NULL, NULL) ON CONFLICT (note_id) DO NOTHING;
INSERT INTO project_notes (note_id, project_id, note_text, note_type, author, tags, is_private, created_at, entry_group_id, note_title, progress_percent, estimated_end_date, effort_hours) VALUES (254, 'MX-DDD-0004', 'Prioridad en otras tareas.', 'bloqueador', 'Xiomara', '', 0, '2026-05-05 16:05:00', '4ce401ceac524914aeb4bcbece419330', 'Seguimiento 2026-05-05', NULL, NULL, NULL) ON CONFLICT (note_id) DO NOTHING;
INSERT INTO project_notes (note_id, project_id, note_text, note_type, author, tags, is_private, created_at, entry_group_id, note_title, progress_percent, estimated_end_date, effort_hours) VALUES (255, 'MX-DDD-0004', 'Retraso acumulado en correcciones.', 'riesgo', 'Xiomara', '', 0, '2026-05-05 16:05:00', '4ce401ceac524914aeb4bcbece419330', 'Seguimiento 2026-05-05', NULL, NULL, NULL) ON CONFLICT (note_id) DO NOTHING;
INSERT INTO project_notes (note_id, project_id, note_text, note_type, author, tags, is_private, created_at, entry_group_id, note_title, progress_percent, estimated_end_date, effort_hours) VALUES (256, 'MX-DDD-0004', 'No se realizaron avances ni ejecuciones relacionadas con Walmart.', 'general', 'Xiomara', '', 0, '2026-05-11 16:05:00', '369a4494d47d46d1b32af9f407648aae', 'Seguimiento 2026-05-11', 95, NULL, NULL) ON CONFLICT (note_id) DO NOTHING;
INSERT INTO project_notes (note_id, project_id, note_text, note_type, author, tags, is_private, created_at, entry_group_id, note_title, progress_percent, estimated_end_date, effort_hours) VALUES (257, 'MX-DDD-0004', 'Retomar el tema en una siguiente sesion de trabajo.', 'proximo_paso', 'Xiomara', '', 0, '2026-05-11 16:05:00', '369a4494d47d46d1b32af9f407648aae', 'Seguimiento 2026-05-11', NULL, NULL, NULL) ON CONFLICT (note_id) DO NOTHING;
INSERT INTO project_notes (note_id, project_id, note_text, note_type, author, tags, is_private, created_at, entry_group_id, note_title, progress_percent, estimated_end_date, effort_hours) VALUES (258, 'MX-DDD-0004', 'Ninguno.', 'bloqueador', 'Xiomara', '', 0, '2026-05-11 16:05:00', '369a4494d47d46d1b32af9f407648aae', 'Seguimiento 2026-05-11', NULL, NULL, NULL) ON CONFLICT (note_id) DO NOTHING;
INSERT INTO project_notes (note_id, project_id, note_text, note_type, author, tags, is_private, created_at, entry_group_id, note_title, progress_percent, estimated_end_date, effort_hours) VALUES (259, 'MX-DDD-0004', 'Ninguno.', 'riesgo', 'Xiomara', '', 0, '2026-05-11 16:05:00', '369a4494d47d46d1b32af9f407648aae', 'Seguimiento 2026-05-11', NULL, NULL, NULL) ON CONFLICT (note_id) DO NOTHING;
INSERT INTO project_notes (note_id, project_id, note_text, note_type, author, tags, is_private, created_at, entry_group_id, note_title, progress_percent, estimated_end_date, effort_hours) VALUES (260, 'MX-DDD-0004', 'No se ha avanzado aun porque se priorizo cerrar Order Forms y hay dudas pendientes sobre definiciones funcionales.', 'general', 'Xiomara', '', 0, '2026-05-18 16:05:00', '9a1b52a70de0483390efa9ff11f549b5', 'Seguimiento 2026-05-18', NULL, NULL, NULL) ON CONFLICT (note_id) DO NOTHING;
INSERT INTO project_notes (note_id, project_id, note_text, note_type, author, tags, is_private, created_at, entry_group_id, note_title, progress_percent, estimated_end_date, effort_hours) VALUES (261, 'MX-DDD-0004', 'Retomar los cambios una vez finalizado Order Forms y aclarar las definiciones necesarias.', 'proximo_paso', 'Xiomara', '', 0, '2026-05-18 16:05:00', '9a1b52a70de0483390efa9ff11f549b5', 'Seguimiento 2026-05-18', NULL, NULL, NULL) ON CONFLICT (note_id) DO NOTHING;
INSERT INTO project_notes (note_id, project_id, note_text, note_type, author, tags, is_private, created_at, entry_group_id, note_title, progress_percent, estimated_end_date, effort_hours) VALUES (262, 'MX-DDD-0004', 'Prioridad en otros desarrollos y falta de foco en este frente.', 'bloqueador', 'Xiomara', '', 0, '2026-05-18 16:05:00', '9a1b52a70de0483390efa9ff11f549b5', 'Seguimiento 2026-05-18', NULL, NULL, NULL) ON CONFLICT (note_id) DO NOTHING;
INSERT INTO project_notes (note_id, project_id, note_text, note_type, author, tags, is_private, created_at, entry_group_id, note_title, progress_percent, estimated_end_date, effort_hours) VALUES (263, 'MX-DDD-0004', 'Acumulacion de trabajo pendiente si se sigue postergando.', 'riesgo', 'Xiomara', '', 0, '2026-05-18 16:05:00', '9a1b52a70de0483390efa9ff11f549b5', 'Seguimiento 2026-05-18', NULL, NULL, NULL) ON CONFLICT (note_id) DO NOTHING;
INSERT INTO project_notes (note_id, project_id, note_text, note_type, author, tags, is_private, created_at, entry_group_id, note_title, progress_percent, estimated_end_date, effort_hours) VALUES (264, 'MX-DDD-0005', 'Se avanzo significativamente y es la prioridad actual del equipo. Se identifico que la conexion a SharePoint requiere credenciales especificas; por el momento se decide hacer el programa local.', 'general', 'Luis Astudillo', '', 0, '2026-05-05 16:05:00', '11bc275775304b1a8867d0a2be3a386c', 'Seguimiento 2026-05-05', 50, NULL, 8.0) ON CONFLICT (note_id) DO NOTHING;
INSERT INTO project_notes (note_id, project_id, note_text, note_type, author, tags, is_private, created_at, entry_group_id, note_title, progress_percent, estimated_end_date, effort_hours) VALUES (265, 'MX-DDD-0005', 'Continuar con el desarrollo y validaciones pendientes. Se requiere informacion de jerarquias para completar la hoja de productos.', 'proximo_paso', 'Xiomara', '', 0, '2026-05-05 16:05:00', '11bc275775304b1a8867d0a2be3a386c', 'Seguimiento 2026-05-05', NULL, NULL, NULL) ON CONFLICT (note_id) DO NOTHING;
INSERT INTO project_notes (note_id, project_id, note_text, note_type, author, tags, is_private, created_at, entry_group_id, note_title, progress_percent, estimated_end_date, effort_hours) VALUES (266, 'MX-DDD-0005', 'Ninguno.', 'bloqueador', 'Xiomara', '', 0, '2026-05-05 16:05:00', '11bc275775304b1a8867d0a2be3a386c', 'Seguimiento 2026-05-05', NULL, NULL, NULL) ON CONFLICT (note_id) DO NOTHING;
INSERT INTO project_notes (note_id, project_id, note_text, note_type, author, tags, is_private, created_at, entry_group_id, note_title, progress_percent, estimated_end_date, effort_hours) VALUES (267, 'MX-DDD-0005', 'Ninguno.', 'riesgo', 'Xiomara', '', 0, '2026-05-05 16:05:00', '11bc275775304b1a8867d0a2be3a386c', 'Seguimiento 2026-05-05', NULL, NULL, NULL) ON CONFLICT (note_id) DO NOTHING;
INSERT INTO project_notes (note_id, project_id, note_text, note_type, author, tags, is_private, created_at, entry_group_id, note_title, progress_percent, estimated_end_date, effort_hours) VALUES (268, 'MX-DDD-0005', 'El codigo esta refactorizado y se estan ajustando filtros, estructura de repositorio y descargas automaticas pendientes.', 'general', 'Luis Astudillo', '', 0, '2026-05-11 16:05:00', '03058bdce76344a3a440b5442c6cd731', 'Seguimiento 2026-05-11', 50, NULL, 6.0) ON CONFLICT (note_id) DO NOTHING;
INSERT INTO project_notes (note_id, project_id, note_text, note_type, author, tags, is_private, created_at, entry_group_id, note_title, progress_percent, estimated_end_date, effort_hours) VALUES (269, 'MX-DDD-0005', 'Implementar lo faltante de ventanas y celdas, incluyendo la descarga automatica del package master.', 'proximo_paso', 'Xiomara', '', 0, '2026-05-11 16:05:00', '03058bdce76344a3a440b5442c6cd731', 'Seguimiento 2026-05-11', NULL, NULL, NULL) ON CONFLICT (note_id) DO NOTHING;
INSERT INTO project_notes (note_id, project_id, note_text, note_type, author, tags, is_private, created_at, entry_group_id, note_title, progress_percent, estimated_end_date, effort_hours) VALUES (270, 'MX-DDD-0005', 'Complejidad del repositorio y pendientes de permisos.', 'bloqueador', 'Xiomara', '', 0, '2026-05-11 16:05:00', '03058bdce76344a3a440b5442c6cd731', 'Seguimiento 2026-05-11', NULL, NULL, NULL) ON CONFLICT (note_id) DO NOTHING;
INSERT INTO project_notes (note_id, project_id, note_text, note_type, author, tags, is_private, created_at, entry_group_id, note_title, progress_percent, estimated_end_date, effort_hours) VALUES (271, 'MX-DDD-0005', 'Retraso si los permisos o dependencias no quedan correctamente configurados.', 'riesgo', 'Xiomara', '', 0, '2026-05-11 16:05:00', '03058bdce76344a3a440b5442c6cd731', 'Seguimiento 2026-05-11', NULL, NULL, NULL) ON CONFLICT (note_id) DO NOTHING;
INSERT INTO project_notes (note_id, project_id, note_text, note_type, author, tags, is_private, created_at, entry_group_id, note_title, progress_percent, estimated_end_date, effort_hours) VALUES (272, 'MX-DDD-0005', 'Se estan realizando ajustes para manejar filas incompletas y recuperar columnas necesarias para reportes.', 'general', 'Luis Astudillo', '', 0, '2026-05-18 16:05:00', '1e4a3ef8becb4723a6c5016f02e51a66', 'Seguimiento 2026-05-18', NULL, NULL, 5.0) ON CONFLICT (note_id) DO NOTHING;
INSERT INTO project_notes (note_id, project_id, note_text, note_type, author, tags, is_private, created_at, entry_group_id, note_title, progress_percent, estimated_end_date, effort_hours) VALUES (273, 'MX-DDD-0005', 'Completar los cambios y coordinar la carga del programa considerando la posible nueva columna de estado activo/inactivo.', 'proximo_paso', 'Xiomara', '', 0, '2026-05-18 16:05:00', '1e4a3ef8becb4723a6c5016f02e51a66', 'Seguimiento 2026-05-18', NULL, NULL, NULL) ON CONFLICT (note_id) DO NOTHING;
INSERT INTO project_notes (note_id, project_id, note_text, note_type, author, tags, is_private, created_at, entry_group_id, note_title, progress_percent, estimated_end_date, effort_hours) VALUES (274, 'MX-DDD-0005', 'Definicion pendiente sobre la nueva columna y disponibilidad de validacion.', 'bloqueador', 'Xiomara', '', 0, '2026-05-18 16:05:00', '1e4a3ef8becb4723a6c5016f02e51a66', 'Seguimiento 2026-05-18', NULL, NULL, NULL) ON CONFLICT (note_id) DO NOTHING;
INSERT INTO project_notes (note_id, project_id, note_text, note_type, author, tags, is_private, created_at, entry_group_id, note_title, progress_percent, estimated_end_date, effort_hours) VALUES (275, 'MX-DDD-0005', 'Reprocesos si la estructura final cambia despues.', 'riesgo', 'Xiomara', '', 0, '2026-05-18 16:05:00', '1e4a3ef8becb4723a6c5016f02e51a66', 'Seguimiento 2026-05-18', NULL, NULL, NULL) ON CONFLICT (note_id) DO NOTHING;
INSERT INTO project_notes (note_id, project_id, note_text, note_type, author, tags, is_private, created_at, entry_group_id, note_title, progress_percent, estimated_end_date, effort_hours) VALUES (276, 'MX-DDD-0006', 'Se genero un boceto con los comentarios de la reunion anterior.', 'general', 'Xiomara Monroy', '', 0, '2026-05-01 16:05:00', 'af52d8c52dc84022a3fd29fa48e3dcc4', 'Seguimiento 2026-05-01', NULL, NULL, 4.0) ON CONFLICT (note_id) DO NOTHING;
INSERT INTO project_notes (note_id, project_id, note_text, note_type, author, tags, is_private, created_at, entry_group_id, note_title, progress_percent, estimated_end_date, effort_hours) VALUES (277, 'MX-DDD-0006', 'Compartir boceto con equipo AA para implementar.', 'proximo_paso', 'Xiomara', '', 0, '2026-05-01 16:05:00', 'af52d8c52dc84022a3fd29fa48e3dcc4', 'Seguimiento 2026-05-01', NULL, NULL, NULL) ON CONFLICT (note_id) DO NOTHING;
INSERT INTO project_notes (note_id, project_id, note_text, note_type, author, tags, is_private, created_at, entry_group_id, note_title, progress_percent, estimated_end_date, effort_hours) VALUES (278, 'MX-DDD-0006', 'Ninguno.', 'bloqueador', 'Xiomara', '', 0, '2026-05-01 16:05:00', 'af52d8c52dc84022a3fd29fa48e3dcc4', 'Seguimiento 2026-05-01', NULL, NULL, NULL) ON CONFLICT (note_id) DO NOTHING;
INSERT INTO project_notes (note_id, project_id, note_text, note_type, author, tags, is_private, created_at, entry_group_id, note_title, progress_percent, estimated_end_date, effort_hours) VALUES (279, 'MX-DDD-0006', 'Retraso en implementacion visual.', 'riesgo', 'Xiomara', '', 0, '2026-05-01 16:05:00', 'af52d8c52dc84022a3fd29fa48e3dcc4', 'Seguimiento 2026-05-01', NULL, NULL, NULL) ON CONFLICT (note_id) DO NOTHING;
INSERT INTO project_notes (note_id, project_id, note_text, note_type, author, tags, is_private, created_at, entry_group_id, note_title, progress_percent, estimated_end_date, effort_hours) VALUES (280, 'MX-DDD-0006', 'Prototipos revisados con Advance y cambios de graficos quedaron del lado de ellos.', 'general', 'Xiomara Monroy', '', 0, '2026-05-05 16:05:00', '345cfab24aae41879e59ade693ba7e09', 'Seguimiento 2026-05-05', NULL, NULL, 3.0) ON CONFLICT (note_id) DO NOTHING;
INSERT INTO project_notes (note_id, project_id, note_text, note_type, author, tags, is_private, created_at, entry_group_id, note_title, progress_percent, estimated_end_date, effort_hours) VALUES (281, 'MX-DDD-0006', 'Generar boceto de insumos graficos para implementar en Power BI.', 'proximo_paso', 'Xiomara', '', 0, '2026-05-05 16:05:00', '345cfab24aae41879e59ade693ba7e09', 'Seguimiento 2026-05-05', NULL, NULL, NULL) ON CONFLICT (note_id) DO NOTHING;
INSERT INTO project_notes (note_id, project_id, note_text, note_type, author, tags, is_private, created_at, entry_group_id, note_title, progress_percent, estimated_end_date, effort_hours) VALUES (282, 'MX-DDD-0006', 'Dependencia de entrega por parte de Advanced A.', 'bloqueador', 'Xiomara', '', 0, '2026-05-05 16:05:00', '345cfab24aae41879e59ade693ba7e09', 'Seguimiento 2026-05-05', NULL, NULL, NULL) ON CONFLICT (note_id) DO NOTHING;
INSERT INTO project_notes (note_id, project_id, note_text, note_type, author, tags, is_private, created_at, entry_group_id, note_title, progress_percent, estimated_end_date, effort_hours) VALUES (283, 'MX-DDD-0006', 'Retraso en implementacion visual.', 'riesgo', 'Xiomara', '', 0, '2026-05-05 16:05:00', '345cfab24aae41879e59ade693ba7e09', 'Seguimiento 2026-05-05', NULL, NULL, NULL) ON CONFLICT (note_id) DO NOTHING;
INSERT INTO project_notes (note_id, project_id, note_text, note_type, author, tags, is_private, created_at, entry_group_id, note_title, progress_percent, estimated_end_date, effort_hours) VALUES (284, 'MX-DDD-0006', 'Se compartio un boceto en Power BI con el area comercial y se espera feedback.', 'general', 'Xiomara Monroy', '', 0, '2026-05-18 16:05:00', 'c1771eb6ef7a40878df59b52cf74c8cf', 'Seguimiento 2026-05-18', NULL, NULL, 4.0) ON CONFLICT (note_id) DO NOTHING;
INSERT INTO project_notes (note_id, project_id, note_text, note_type, author, tags, is_private, created_at, entry_group_id, note_title, progress_percent, estimated_end_date, effort_hours) VALUES (285, 'MX-DDD-0006', 'Recibir validacion del area comercial para confirmar si la solucion propuesta es util.', 'proximo_paso', 'Xiomara', '', 0, '2026-05-18 16:05:00', 'c1771eb6ef7a40878df59b52cf74c8cf', 'Seguimiento 2026-05-18', NULL, NULL, NULL) ON CONFLICT (note_id) DO NOTHING;
INSERT INTO project_notes (note_id, project_id, note_text, note_type, author, tags, is_private, created_at, entry_group_id, note_title, progress_percent, estimated_end_date, effort_hours) VALUES (286, 'MX-DDD-0006', 'Espera de feedback de comerciales.', 'bloqueador', 'Xiomara', '', 0, '2026-05-18 16:05:00', 'c1771eb6ef7a40878df59b52cf74c8cf', 'Seguimiento 2026-05-18', NULL, NULL, NULL) ON CONFLICT (note_id) DO NOTHING;
INSERT INTO project_notes (note_id, project_id, note_text, note_type, author, tags, is_private, created_at, entry_group_id, note_title, progress_percent, estimated_end_date, effort_hours) VALUES (287, 'MX-DDD-0006', 'Que la solucion no sea aceptada y requiera rediseno.', 'riesgo', 'Xiomara', '', 0, '2026-05-18 16:05:00', 'c1771eb6ef7a40878df59b52cf74c8cf', 'Seguimiento 2026-05-18', NULL, NULL, NULL) ON CONFLICT (note_id) DO NOTHING;
INSERT INTO project_notes (note_id, project_id, note_text, note_type, author, tags, is_private, created_at, entry_group_id, note_title, progress_percent, estimated_end_date, effort_hours) VALUES (288, 'LA-DDD-0002', 'Se avanza con la creacion del template de Coppel.', 'general', 'Xiomara Monroy', '', 0, '2026-05-05 16:05:00', '3d94e135373d4d92a5d196ace8571237', 'Seguimiento 2026-05-05', 60, NULL, 30.0) ON CONFLICT (note_id) DO NOTHING;
INSERT INTO project_notes (note_id, project_id, note_text, note_type, author, tags, is_private, created_at, entry_group_id, note_title, progress_percent, estimated_end_date, effort_hours) VALUES (289, 'LA-DDD-0002', 'Terminar configuracion de PPT.', 'proximo_paso', 'Xiomara', '', 0, '2026-05-05 16:05:00', '3d94e135373d4d92a5d196ace8571237', 'Seguimiento 2026-05-05', NULL, NULL, NULL) ON CONFLICT (note_id) DO NOTHING;
INSERT INTO project_notes (note_id, project_id, note_text, note_type, author, tags, is_private, created_at, entry_group_id, note_title, progress_percent, estimated_end_date, effort_hours) VALUES (290, 'LA-DDD-0002', 'Ninguno.', 'bloqueador', 'Xiomara', '', 0, '2026-05-05 16:05:00', '3d94e135373d4d92a5d196ace8571237', 'Seguimiento 2026-05-05', NULL, NULL, NULL) ON CONFLICT (note_id) DO NOTHING;
INSERT INTO project_notes (note_id, project_id, note_text, note_type, author, tags, is_private, created_at, entry_group_id, note_title, progress_percent, estimated_end_date, effort_hours) VALUES (291, 'LA-DDD-0002', 'Lentitud de programacion.', 'riesgo', 'Xiomara', '', 0, '2026-05-05 16:05:00', '3d94e135373d4d92a5d196ace8571237', 'Seguimiento 2026-05-05', NULL, NULL, NULL) ON CONFLICT (note_id) DO NOTHING;
INSERT INTO project_notes (note_id, project_id, note_text, note_type, author, tags, is_private, created_at, entry_group_id, note_title, progress_percent, estimated_end_date, effort_hours) VALUES (292, 'LA-DDD-0002', 'Se avanza con la creacion del template de Coppel.', 'general', 'Xiomara Monroy', '', 0, '2026-05-11 16:05:00', 'db7f070b57044b9fba7e0ba76f7ab44f', 'Seguimiento 2026-05-11', 70, NULL, 30.0) ON CONFLICT (note_id) DO NOTHING;
INSERT INTO project_notes (note_id, project_id, note_text, note_type, author, tags, is_private, created_at, entry_group_id, note_title, progress_percent, estimated_end_date, effort_hours) VALUES (293, 'LA-DDD-0002', 'Compartir con comercial para comparar valores.', 'proximo_paso', 'Xiomara', '', 0, '2026-05-11 16:05:00', 'db7f070b57044b9fba7e0ba76f7ab44f', 'Seguimiento 2026-05-11', NULL, NULL, NULL) ON CONFLICT (note_id) DO NOTHING;
INSERT INTO project_notes (note_id, project_id, note_text, note_type, author, tags, is_private, created_at, entry_group_id, note_title, progress_percent, estimated_end_date, effort_hours) VALUES (294, 'LA-DDD-0002', 'Ninguno.', 'bloqueador', 'Xiomara', '', 0, '2026-05-11 16:05:00', 'db7f070b57044b9fba7e0ba76f7ab44f', 'Seguimiento 2026-05-11', NULL, NULL, NULL) ON CONFLICT (note_id) DO NOTHING;
INSERT INTO project_notes (note_id, project_id, note_text, note_type, author, tags, is_private, created_at, entry_group_id, note_title, progress_percent, estimated_end_date, effort_hours) VALUES (295, 'LA-DDD-0002', 'Lentitud de programacion.', 'riesgo', 'Xiomara', '', 0, '2026-05-11 16:05:00', 'db7f070b57044b9fba7e0ba76f7ab44f', 'Seguimiento 2026-05-11', NULL, NULL, NULL) ON CONFLICT (note_id) DO NOTHING;
INSERT INTO project_notes (note_id, project_id, note_text, note_type, author, tags, is_private, created_at, entry_group_id, note_title, progress_percent, estimated_end_date, effort_hours) VALUES (296, 'LA-DDD-0002', 'Se termino de hacer la configuracion y se genero la PPT de Q4 para comparar versus entregado.', 'general', 'Xiomara Monroy', '', 0, '2026-05-19 16:05:00', 'd9ebff82b9cf445e869e325d34291885', 'Seguimiento 2026-05-19', 90, NULL, 30.0) ON CONFLICT (note_id) DO NOTHING;
INSERT INTO project_notes (note_id, project_id, note_text, note_type, author, tags, is_private, created_at, entry_group_id, note_title, progress_percent, estimated_end_date, effort_hours) VALUES (297, 'LA-DDD-0002', 'Se envia la presentacion para evaluar por comercial.', 'proximo_paso', 'Xiomara', '', 0, '2026-05-19 16:05:00', 'd9ebff82b9cf445e869e325d34291885', 'Seguimiento 2026-05-19', NULL, NULL, NULL) ON CONFLICT (note_id) DO NOTHING;
INSERT INTO project_notes (note_id, project_id, note_text, note_type, author, tags, is_private, created_at, entry_group_id, note_title, progress_percent, estimated_end_date, effort_hours) VALUES (298, 'LA-DDD-0002', 'Ninguno.', 'bloqueador', 'Xiomara', '', 0, '2026-05-19 16:05:00', 'd9ebff82b9cf445e869e325d34291885', 'Seguimiento 2026-05-19', NULL, NULL, NULL) ON CONFLICT (note_id) DO NOTHING;
INSERT INTO project_notes (note_id, project_id, note_text, note_type, author, tags, is_private, created_at, entry_group_id, note_title, progress_percent, estimated_end_date, effort_hours) VALUES (299, 'LA-DDD-0002', 'Ninguno.', 'riesgo', 'Xiomara', '', 0, '2026-05-19 16:05:00', 'd9ebff82b9cf445e869e325d34291885', 'Seguimiento 2026-05-19', NULL, NULL, NULL) ON CONFLICT (note_id) DO NOTHING;
INSERT INTO project_notes (note_id, project_id, note_text, note_type, author, tags, is_private, created_at, entry_group_id, note_title, progress_percent, estimated_end_date, effort_hours) VALUES (300, 'LA-COPILOT-0001', 'Se presentaron los principales agentes al board recibiendo feedback y mejoras a implementar.', 'general', 'Xiomara Monroy', '', 0, '2026-05-08 16:05:00', 'c7e44ae4112c4a929ec23cae3930e9eb', 'Seguimiento 2026-05-08', 90, NULL, 0.5) ON CONFLICT (note_id) DO NOTHING;
INSERT INTO project_notes (note_id, project_id, note_text, note_type, author, tags, is_private, created_at, entry_group_id, note_title, progress_percent, estimated_end_date, effort_hours) VALUES (301, 'LA-COPILOT-0001', 'Actualizar Casos de Uso basado en feedbacks.', 'proximo_paso', 'Xiomara', '', 0, '2026-05-08 16:05:00', 'c7e44ae4112c4a929ec23cae3930e9eb', 'Seguimiento 2026-05-08', NULL, NULL, NULL) ON CONFLICT (note_id) DO NOTHING;
INSERT INTO project_notes (note_id, project_id, note_text, note_type, author, tags, is_private, created_at, entry_group_id, note_title, progress_percent, estimated_end_date, effort_hours) VALUES (302, 'LA-COPILOT-0001', 'Ninguna.', 'bloqueador', 'Xiomara', '', 0, '2026-05-08 16:05:00', 'c7e44ae4112c4a929ec23cae3930e9eb', 'Seguimiento 2026-05-08', NULL, NULL, NULL) ON CONFLICT (note_id) DO NOTHING;
INSERT INTO project_notes (note_id, project_id, note_text, note_type, author, tags, is_private, created_at, entry_group_id, note_title, progress_percent, estimated_end_date, effort_hours) VALUES (303, 'LA-COPILOT-0001', 'Ninguna.', 'riesgo', 'Xiomara', '', 0, '2026-05-08 16:05:00', 'c7e44ae4112c4a929ec23cae3930e9eb', 'Seguimiento 2026-05-08', NULL, NULL, NULL) ON CONFLICT (note_id) DO NOTHING;
INSERT INTO project_notes (note_id, project_id, note_text, note_type, author, tags, is_private, created_at, entry_group_id, note_title, progress_percent, estimated_end_date, effort_hours) VALUES (304, 'LA-COPILOT-0001', 'PPT de casos de uso actualizado. Se identifico la necesidad de estructurar repositorios en SharePoint para que la IA pueda leer y usar la informacion eficientemente.', 'general', 'Xiomara Monroy', '', 0, '2026-05-16 16:05:00', '989caf91ccb34bfc9a500c3580771337', 'Seguimiento 2026-05-16', 90, NULL, 1.0) ON CONFLICT (note_id) DO NOTHING;
INSERT INTO project_notes (note_id, project_id, note_text, note_type, author, tags, is_private, created_at, entry_group_id, note_title, progress_percent, estimated_end_date, effort_hours) VALUES (305, 'LA-COPILOT-0001', 'Disenar una estructura base de carpetas y un marco de organizacion enfocado en facilidad de busqueda y lectura.', 'proximo_paso', 'Xiomara', '', 0, '2026-05-16 16:05:00', '989caf91ccb34bfc9a500c3580771337', 'Seguimiento 2026-05-16', NULL, NULL, NULL) ON CONFLICT (note_id) DO NOTHING;
INSERT INTO project_notes (note_id, project_id, note_text, note_type, author, tags, is_private, created_at, entry_group_id, note_title, progress_percent, estimated_end_date, effort_hours) VALUES (306, 'LA-COPILOT-0001', 'Falta de estructura homogenea entre paises.', 'bloqueador', 'Xiomara', '', 0, '2026-05-16 16:05:00', '989caf91ccb34bfc9a500c3580771337', 'Seguimiento 2026-05-16', NULL, NULL, NULL) ON CONFLICT (note_id) DO NOTHING;
INSERT INTO project_notes (note_id, project_id, note_text, note_type, author, tags, is_private, created_at, entry_group_id, note_title, progress_percent, estimated_end_date, effort_hours) VALUES (307, 'LA-COPILOT-0001', 'Que la IA consuma informacion desordenada o incompleta.', 'riesgo', 'Xiomara', '', 0, '2026-05-16 16:05:00', '989caf91ccb34bfc9a500c3580771337', 'Seguimiento 2026-05-16', NULL, NULL, NULL) ON CONFLICT (note_id) DO NOTHING;

-- project_evaluations: 19 filas
INSERT INTO project_evaluations (evaluation_id, project_id, created_at, created_by, action, status_after, score_total, score_impact, score_risk, score_complexity, monthly_savings, annual_savings, payback_period_months, roi_first_year, hours_saved_per_month, inputs_json, answers_json, weights_json, impact_score, effort_score, is_current) VALUES (1, 'MX-DDD-0001', '2026-03-05 16:16:12', 'Xiomara Monroy', 'approved', 'approved', 76.0, 30.0, 18.0, 28.0, 136.5, 1638.0, 3.076923076923077, 290.0, 5.46, '{"name": "Actualizacion Macro RCD colgate", "description": "\nEl proyecto busca asegurar continuidad operativa del reporte mediante la adaptación de los sistemas ara que  pueda leer información de WPO y de MY Worldpanel creando el reporte final como se encuentra el día de hoy ", "country": "MX", "owner": "DDD", "current_time_per_task": 0.84, "tasks_per_month": 13, "staff_count": 1, "avg_salary_per_hour": 25.0, "time_reduction_percent": 50, "development_hours": 60, "development_cost_per_hour": 7, "maintenance_monthly": 0.0, "implementation_complexity": 2, "risk_level": 3}', NULL, NULL, NULL, NULL, 0) ON CONFLICT (evaluation_id) DO NOTHING;
INSERT INTO project_evaluations (evaluation_id, project_id, created_at, created_by, action, status_after, score_total, score_impact, score_risk, score_complexity, monthly_savings, annual_savings, payback_period_months, roi_first_year, hours_saved_per_month, inputs_json, answers_json, weights_json, impact_score, effort_score, is_current) VALUES (2, 'LA-DDD-0001', '2026-03-05 16:49:01', 'Xiomara Monroy', 'approved', 'approved', 76.0, 30.0, 18.0, 28.0, 37500.0, 450000.0, 0.032, 37400.0, 1500.0, '{"name": "Client Title PPT", "description": "Agente de Copilot Chat que permite reducir significativamente el tiempo y la fricción en la interpretación de decks analíticos, convirtiendo datos y slides en mensajes ejecutivos claros, accionables y alineados a preguntas de negocio.\n", "country": "LATAM", "owner": "DDD", "current_time_per_task": 2.0, "tasks_per_month": 100, "staff_count": 15, "avg_salary_per_hour": 25.0, "time_reduction_percent": 50, "development_hours": 80, "development_cost_per_hour": 15, "maintenance_monthly": 0.0, "implementation_complexity": 2, "risk_level": 3}', NULL, NULL, NULL, NULL, 0) ON CONFLICT (evaluation_id) DO NOTHING;
INSERT INTO project_evaluations (evaluation_id, project_id, created_at, created_by, action, status_after, score_total, score_impact, score_risk, score_complexity, monthly_savings, annual_savings, payback_period_months, roi_first_year, hours_saved_per_month, inputs_json, answers_json, weights_json, impact_score, effort_score, is_current) VALUES (3, 'LA-DDD-0002', '2026-03-06 15:13:59', 'Xiomara Monroy', 'approved', 'approved', 64.0, 25.0, 18.0, 21.0, 16000.0, 192000.0, 0.09375, 12700.0, 640.0, '{"name": "Automatización Presentaciónes Python", "description": "Armado de presentaciones semiautomaticas ", "country": "MX", "owner": "DDD", "current_time_per_task": 8.0, "tasks_per_month": 100, "staff_count": 2, "avg_salary_per_hour": 25.0, "time_reduction_percent": 40, "development_hours": 100, "development_cost_per_hour": 15, "maintenance_monthly": 0.0, "implementation_complexity": 3, "risk_level": 3}', NULL, NULL, NULL, NULL, 0) ON CONFLICT (evaluation_id) DO NOTHING;
INSERT INTO project_evaluations (evaluation_id, project_id, created_at, created_by, action, status_after, score_total, score_impact, score_risk, score_complexity, monthly_savings, annual_savings, payback_period_months, roi_first_year, hours_saved_per_month, inputs_json, answers_json, weights_json, impact_score, effort_score, is_current) VALUES (4, 'MX-DDD-0003', '2026-03-09 16:25:05', 'Xiomara Monroy', 'approved', 'approved', 83.0, 25.0, 30.0, 28.0, 2400.0, 28800.0, 0.35, 3328.5714285714284, 96.0, '{"name": "Automatización Rotaciones MX", "description": "\nEl Proyecto Rotaciones MX tiene como objetivo estandarizar y automatizar la generación del template de Rotaciones para el cliente Bimbo de México, a partir de archivos provenientes de WPO (Worldpanel Online).\nActualmente, los archivos de entrada de WPO contienen información clave para KPIs y algunos demográficos, pero no incluyen todas las dimensiones requeridas por el template estándar de Rotaciones, lo que genera brechas que deben ser gestionadas mediante reglas claras de negocio y decisiones documentadas.\nEste proyecto aplica a múltiples categorías y países, y no se limita a una sola marca o familia de productos.", "country": "MX", "owner": "DDD", "current_time_per_task": 8.0, "tasks_per_month": 30, "staff_count": 1, "avg_salary_per_hour": 25.0, "time_reduction_percent": 40, "development_hours": 120, "development_cost_per_hour": 7, "maintenance_monthly": 0.0, "implementation_complexity": 2, "risk_level": 1}', NULL, NULL, NULL, NULL, 0) ON CONFLICT (evaluation_id) DO NOTHING;
INSERT INTO project_evaluations (evaluation_id, project_id, created_at, created_by, action, status_after, score_total, score_impact, score_risk, score_complexity, monthly_savings, annual_savings, payback_period_months, roi_first_year, hours_saved_per_month, inputs_json, answers_json, weights_json, impact_score, effort_score, is_current) VALUES (5, 'MX-DDD-0004', '2026-03-17 17:49:12', 'Xiomara Monroy', 'approved', 'approved', 78.0, 20.0, 30.0, 28.0, 500.0, 6000.0, 0.28, 4185.714285714285, 20.0, '{"name": "Actualización VBA Walmart Frescos", "description": "Se necesitan agregar nuevos slides a la macro de Walmart Frescos sin romper la estructura interna de lo que ya se genera. Además de actualizar el template", "country": "MX", "owner": "DDD", "current_time_per_task": 40.0, "tasks_per_month": 1, "staff_count": 2, "avg_salary_per_hour": 25.0, "time_reduction_percent": 25, "development_hours": 20, "development_cost_per_hour": 7, "maintenance_monthly": 0.0, "implementation_complexity": 2, "risk_level": 1}', NULL, NULL, NULL, NULL, 0) ON CONFLICT (evaluation_id) DO NOTHING;
INSERT INTO project_evaluations (evaluation_id, project_id, created_at, created_by, action, status_after, score_total, score_impact, score_risk, score_complexity, monthly_savings, annual_savings, payback_period_months, roi_first_year, hours_saved_per_month, inputs_json, answers_json, weights_json, impact_score, effort_score, is_current) VALUES (6, 'HI-DDD-0001', '2026-03-30 16:40:08', 'Xiomara Monroy', 'approved', 'approved', 62.0, 30.0, 18.0, 14.0, 562500.0, 6750000.0, 0.0021333333333333334, 562400.0, 22500.0, '{"name": "SMART INTAKE DM ", "description": "Implementar un agente inteligente que:\n\nIdentifique el tipo de solicitud que el comercial desea enviar.\nRealice las preguntas necesarias para recopilar la información completa según las reglas de Data Management.\nGenere automáticamente un correo estructurado ± con CC al solicitante hacia la casilla de Data Management.\nEn fase futura: Complemente o actualice un ticket en Jira para evitar intervención manual.\n\nEl agente no procesará información, no validará errores del negocio ni reemplazará actividades propias de Data Management.\nSu única función es capturar, validar presencia de datos requeridos y entregar un input completo y útil.", "country": "HISPANIC", "owner": "DDD", "current_time_per_task": 30.0, "tasks_per_month": 100, "staff_count": 15, "avg_salary_per_hour": 25.0, "time_reduction_percent": 50, "development_hours": 120, "development_cost_per_hour": 10, "maintenance_monthly": 0.0, "implementation_complexity": 4, "risk_level": 3}', NULL, NULL, NULL, NULL, 0) ON CONFLICT (evaluation_id) DO NOTHING;
INSERT INTO project_evaluations (evaluation_id, project_id, created_at, created_by, action, status_after, score_total, score_impact, score_risk, score_complexity, monthly_savings, annual_savings, payback_period_months, roi_first_year, hours_saved_per_month, inputs_json, answers_json, weights_json, impact_score, effort_score, is_current) VALUES (7, 'LA-OSCAROCHOA-0001', '2026-04-13 18:38:23', 'Xiomara Monroy', 'evaluation_saved', 'handed_off', 80.0, 35.0, 24.0, 21.0, 7680000.0, 92160000.0, 0.00025, 4799900.0, 307200.0, '{"name": "SOP Latam", "description": "El agente busca transformar el conocimiento operativo disperso en procesos estandarizados y gobernables, centralizados en un repositorio único de consulta para toda la compañía, reduciendo reprocesos, dependencia de personas clave y habilitando eficiencia y automatización a escala LATAM.", "country": "LATAM", "owner": "OSCAROCHOA", "current_time_per_task": 32.0, "tasks_per_month": 200, "staff_count": 60, "avg_salary_per_hour": 25.0, "time_reduction_percent": 80, "development_hours": 80, "development_cost_per_hour": 24, "maintenance_monthly": 0.0, "implementation_complexity": 3, "risk_level": 2}', NULL, NULL, NULL, NULL, 0) ON CONFLICT (evaluation_id) DO NOTHING;
INSERT INTO project_evaluations (evaluation_id, project_id, created_at, created_by, action, status_after, score_total, score_impact, score_risk, score_complexity, monthly_savings, annual_savings, payback_period_months, roi_first_year, hours_saved_per_month, inputs_json, answers_json, weights_json, impact_score, effort_score, is_current) VALUES (8, 'LA-COPILOT-0001', '2026-04-23 03:29:23', 'Xiomara Monroy', 'approved', 'approved', 64.0, 25.0, 18.0, 21.0, 5250000.0, 63000000.0, 0.00017142857142857143, 6999900.0, 210000.0, '{"name": "Implementaci\u00f3n de Copilot", "description": "Implementaci\u00f3n de Copilot Agents en LATAM para optimizar procesos de negocio mediante inteligencia artificial. El programa incluye formaci\u00f3n de Champions, identificaci\u00f3n de casos de uso priorizados por impacto y viabilidad, y gobernanza distribuida en equipos. Data Developers participa en construcci\u00f3n de agentes propios, soporte a implementaciones de otros equipos, y aseguramiento de gobernanza y mejores pr\u00e1cticas en el uso de IA.", "country": "LATAM", "owner": "COPILOT", "current_time_per_task": 30.0, "tasks_per_month": 100, "staff_count": 200, "avg_salary_per_hour": 25.0, "time_reduction_percent": 35, "development_hours": 90, "development_cost_per_hour": 10, "maintenance_monthly": 0.0, "implementation_complexity": 3, "risk_level": 3}', NULL, NULL, NULL, NULL, 0) ON CONFLICT (evaluation_id) DO NOTHING;
INSERT INTO project_evaluations (evaluation_id, project_id, created_at, created_by, action, status_after, score_total, score_impact, score_risk, score_complexity, monthly_savings, annual_savings, payback_period_months, roi_first_year, hours_saved_per_month, inputs_json, answers_json, weights_json, impact_score, effort_score, is_current) VALUES (9, 'MX-DDD-0001', '2026-04-28 18:02:06', NULL, 'matrix_sync', NULL, NULL, NULL, NULL, NULL, NULL, NULL, NULL, NULL, NULL, NULL, '{"A": 4, "B": 1, "C": 2, "D": 2, "E": 2, "F": 2, "G": 3, "H": 1}', '{"A": 1.0, "B": 1.0, "C": 1.0, "D": 1.0, "E": 1.0, "F": 1.0, "G": 1.0, "H": 1.0}', 2.25, 2.0, 1) ON CONFLICT (evaluation_id) DO NOTHING;
INSERT INTO project_evaluations (evaluation_id, project_id, created_at, created_by, action, status_after, score_total, score_impact, score_risk, score_complexity, monthly_savings, annual_savings, payback_period_months, roi_first_year, hours_saved_per_month, inputs_json, answers_json, weights_json, impact_score, effort_score, is_current) VALUES (10, 'LA-DDD-0001', '2026-04-28 18:02:06', NULL, 'matrix_sync', NULL, NULL, NULL, NULL, NULL, NULL, NULL, NULL, NULL, NULL, NULL, '{"A": 4, "B": 5, "C": 4, "D": 5, "E": 2, "F": 2, "G": 3, "H": 4}', '{"A": 1.0, "B": 1.0, "C": 1.0, "D": 1.0, "E": 1.0, "F": 1.0, "G": 1.0, "H": 1.0}', 4.5, 2.75, 1) ON CONFLICT (evaluation_id) DO NOTHING;
INSERT INTO project_evaluations (evaluation_id, project_id, created_at, created_by, action, status_after, score_total, score_impact, score_risk, score_complexity, monthly_savings, annual_savings, payback_period_months, roi_first_year, hours_saved_per_month, inputs_json, answers_json, weights_json, impact_score, effort_score, is_current) VALUES (11, 'LA-DDD-0002', '2026-04-28 18:02:06', NULL, 'matrix_sync', NULL, NULL, NULL, NULL, NULL, NULL, NULL, NULL, NULL, NULL, NULL, '{"A": 4, "B": 2, "C": 4, "D": 5, "E": 3, "F": 3, "G": 3, "H": 1}', '{"A": 1.0, "B": 1.0, "C": 1.0, "D": 1.0, "E": 1.0, "F": 1.0, "G": 1.0, "H": 1.0}', 3.75, 2.5, 1) ON CONFLICT (evaluation_id) DO NOTHING;
INSERT INTO project_evaluations (evaluation_id, project_id, created_at, created_by, action, status_after, score_total, score_impact, score_risk, score_complexity, monthly_savings, annual_savings, payback_period_months, roi_first_year, hours_saved_per_month, inputs_json, answers_json, weights_json, impact_score, effort_score, is_current) VALUES (12, 'MX-DDD-0003', '2026-04-28 18:02:06', NULL, 'matrix_sync', NULL, NULL, NULL, NULL, NULL, NULL, NULL, NULL, NULL, NULL, NULL, '{"A": 4, "B": 1, "C": 3, "D": 4, "E": 2, "F": 3, "G": 1, "H": 1}', '{"A": 1.0, "B": 1.0, "C": 1.0, "D": 1.0, "E": 1.0, "F": 1.0, "G": 1.0, "H": 1.0}', 3.0, 1.75, 1) ON CONFLICT (evaluation_id) DO NOTHING;
INSERT INTO project_evaluations (evaluation_id, project_id, created_at, created_by, action, status_after, score_total, score_impact, score_risk, score_complexity, monthly_savings, annual_savings, payback_period_months, roi_first_year, hours_saved_per_month, inputs_json, answers_json, weights_json, impact_score, effort_score, is_current) VALUES (13, 'MX-DDD-0004', '2026-04-28 18:02:06', NULL, 'matrix_sync', NULL, NULL, NULL, NULL, NULL, NULL, NULL, NULL, NULL, NULL, NULL, '{"A": 3, "B": 2, "C": 1, "D": 3, "E": 2, "F": 1, "G": 1, "H": 1}', '{"A": 1.0, "B": 1.0, "C": 1.0, "D": 1.0, "E": 1.0, "F": 1.0, "G": 1.0, "H": 1.0}', 2.25, 1.25, 1) ON CONFLICT (evaluation_id) DO NOTHING;
INSERT INTO project_evaluations (evaluation_id, project_id, created_at, created_by, action, status_after, score_total, score_impact, score_risk, score_complexity, monthly_savings, annual_savings, payback_period_months, roi_first_year, hours_saved_per_month, inputs_json, answers_json, weights_json, impact_score, effort_score, is_current) VALUES (14, 'HI-DDD-0001', '2026-04-28 18:02:07', NULL, 'matrix_sync', NULL, NULL, NULL, NULL, NULL, NULL, NULL, NULL, NULL, NULL, NULL, '{"A": 4, "B": 5, "C": 4, "D": 5, "E": 4, "F": 3, "G": 3, "H": 4}', '{"A": 1.0, "B": 1.0, "C": 1.0, "D": 1.0, "E": 1.0, "F": 1.0, "G": 1.0, "H": 1.0}', 4.5, 3.5, 1) ON CONFLICT (evaluation_id) DO NOTHING;
INSERT INTO project_evaluations (evaluation_id, project_id, created_at, created_by, action, status_after, score_total, score_impact, score_risk, score_complexity, monthly_savings, annual_savings, payback_period_months, roi_first_year, hours_saved_per_month, inputs_json, answers_json, weights_json, impact_score, effort_score, is_current) VALUES (15, 'LA-OSCAROCHOA-0001', '2026-04-28 18:02:07', NULL, 'matrix_sync', NULL, NULL, NULL, NULL, NULL, NULL, NULL, NULL, NULL, NULL, NULL, '{"A": 5, "B": 5, "C": 5, "D": 5, "E": 3, "F": 2, "G": 2, "H": 5}', '{"A": 1.0, "B": 1.0, "C": 1.0, "D": 1.0, "E": 1.0, "F": 1.0, "G": 1.0, "H": 1.0}', 5.0, 3.0, 1) ON CONFLICT (evaluation_id) DO NOTHING;
INSERT INTO project_evaluations (evaluation_id, project_id, created_at, created_by, action, status_after, score_total, score_impact, score_risk, score_complexity, monthly_savings, annual_savings, payback_period_months, roi_first_year, hours_saved_per_month, inputs_json, answers_json, weights_json, impact_score, effort_score, is_current) VALUES (16, 'LA-COPILOT-0001', '2026-04-28 18:02:07', NULL, 'matrix_sync', NULL, NULL, NULL, NULL, NULL, NULL, NULL, NULL, NULL, NULL, NULL, '{"A": 4, "B": 5, "C": 4, "D": 5, "E": 3, "F": 3, "G": 3, "H": 5}', '{"A": 1.0, "B": 1.0, "C": 1.0, "D": 1.0, "E": 1.0, "F": 1.0, "G": 1.0, "H": 1.0}', 4.5, 3.5, 1) ON CONFLICT (evaluation_id) DO NOTHING;
INSERT INTO project_evaluations (evaluation_id, project_id, created_at, created_by, action, status_after, score_total, score_impact, score_risk, score_complexity, monthly_savings, annual_savings, payback_period_months, roi_first_year, hours_saved_per_month, inputs_json, answers_json, weights_json, impact_score, effort_score, is_current) VALUES (17, 'MX-DDD-0005', '2026-04-30 17:01:31', 'Xiomara Monroy', 'approved', 'approved', 82.0, 30.0, 24.0, 28.0, 750.0, 9000.0, 0.8, 1400.0, 30.0, '{"name": "Automatización Order Forms MWP", "description": "Eliminar el trabajo manual y repetitivo en la creación de Order Forms, automatizando la traducción de información desde archivos fuente (Package Master / concentrado) hacia Order Forms por cliente y país, de forma escalable y consistente", "country": "MX", "owner": "DDD", "current_time_per_task": 1.0, "tasks_per_month": 10, "staff_count": 5, "avg_salary_per_hour": 25.0, "time_reduction_percent": 60, "development_hours": 40, "development_cost_per_hour": 15, "maintenance_monthly": 0.0, "implementation_complexity": 2, "risk_level": 2}', NULL, NULL, NULL, NULL, 0) ON CONFLICT (evaluation_id) DO NOTHING;
INSERT INTO project_evaluations (evaluation_id, project_id, created_at, created_by, action, status_after, score_total, score_impact, score_risk, score_complexity, monthly_savings, annual_savings, payback_period_months, roi_first_year, hours_saved_per_month, inputs_json, answers_json, weights_json, impact_score, effort_score, is_current) VALUES (18, 'MX-DDD-0006', '2026-04-30 18:50:18', 'Xiomara Monroy', 'approved', 'approved', 75.0, 30.0, 24.0, 21.0, 500.0, 6000.0, 1.2, 900.0, 20.0, '{"name": "Usage OFW Nestlé", "description": "Desarrollar un dashboard interactivo en Power BI que permita a Nestlé analizar de forma clara, estructurada y automática el desempeño de Usage – One Food World, facilitando la comparación contra el universo y el entendimiento de los drivers de crecimiento o caída. ", "country": "MX", "owner": "DDD", "current_time_per_task": 40.0, "tasks_per_month": 1, "staff_count": 1, "avg_salary_per_hour": 25.0, "time_reduction_percent": 50, "development_hours": 40, "development_cost_per_hour": 15, "maintenance_monthly": 0.0, "implementation_complexity": 3, "risk_level": 2}', NULL, NULL, NULL, NULL, 0) ON CONFLICT (evaluation_id) DO NOTHING;
INSERT INTO project_evaluations (evaluation_id, project_id, created_at, created_by, action, status_after, score_total, score_impact, score_risk, score_complexity, monthly_savings, annual_savings, payback_period_months, roi_first_year, hours_saved_per_month, inputs_json, answers_json, weights_json, impact_score, effort_score, is_current) VALUES (19, 'LA-DDD-0003', '2026-05-21 00:21:28', 'Xiomara Monroy', 'evaluation_saved', 'evaluated', 61.0, 35.0, 12.0, 14.0, 157500.0, 1890000.0, 0.015874023747539528, 75495.2, 6300.0, '{"name": "Knowledge MD Layer", "description": "Automatización de consolidación de  metadatos (MDs) para agentes Copilot.   Batch nocturno que corre automáticamente a las 2 AM, reportes semanales y  validación de calidad. Elimina trabajo manual de revisión de datos.", "country": "LATAM", "owner": "DDD", "current_time_per_task": 1.5, "tasks_per_month": 80, "staff_count": 70, "avg_salary_per_hour": 25.0, "time_reduction_percent": 75, "development_hours": 250, "development_cost_per_hour": 10, "maintenance_monthly": 10.0, "implementation_complexity": 4, "risk_level": 4}', NULL, NULL, NULL, NULL, 0) ON CONFLICT (evaluation_id) DO NOTHING;

-- project_members: 12 filas
INSERT INTO project_members (project_id, member_name, added_at) VALUES ('LA-COPILOT-0001', 'Xiomara Monroy', '2026-05-20 22:52:05') ON CONFLICT (project_id, member_name) DO NOTHING;
INSERT INTO project_members (project_id, member_name, added_at) VALUES ('MX-DDD-0001', 'Carlos Montiel', '2026-05-20 22:52:05') ON CONFLICT (project_id, member_name) DO NOTHING;
INSERT INTO project_members (project_id, member_name, added_at) VALUES ('MX-DDD-0004', 'Luis Astudillo', '2026-05-20 22:52:05') ON CONFLICT (project_id, member_name) DO NOTHING;
INSERT INTO project_members (project_id, member_name, added_at) VALUES ('MX-DDD-0005', 'Luis Astudillo', '2026-05-20 22:52:05') ON CONFLICT (project_id, member_name) DO NOTHING;
INSERT INTO project_members (project_id, member_name, added_at) VALUES ('LA-DDD-0002', 'Xiomara Monroy', '2026-05-20 22:52:05') ON CONFLICT (project_id, member_name) DO NOTHING;
INSERT INTO project_members (project_id, member_name, added_at) VALUES ('LA-DDD-0001', 'Xiomara Monroy', '2026-05-20 22:52:05') ON CONFLICT (project_id, member_name) DO NOTHING;
INSERT INTO project_members (project_id, member_name, added_at) VALUES ('HI-DDD-0001', 'Luis Astudillo', '2026-05-20 22:52:05') ON CONFLICT (project_id, member_name) DO NOTHING;
INSERT INTO project_members (project_id, member_name, added_at) VALUES ('MX-DDD-0006', 'Carlos Montiel', '2026-05-20 22:52:05') ON CONFLICT (project_id, member_name) DO NOTHING;
INSERT INTO project_members (project_id, member_name, added_at) VALUES ('LA-OSCAROCHOA-0001', 'Oscar Ochoa', '2026-05-20 22:52:05') ON CONFLICT (project_id, member_name) DO NOTHING;
INSERT INTO project_members (project_id, member_name, added_at) VALUES ('MX-DDD-0003', 'Luis Astudillo', '2026-05-20 22:52:05') ON CONFLICT (project_id, member_name) DO NOTHING;
INSERT INTO project_members (project_id, member_name, added_at) VALUES ('MX-DDD-0005', 'Xiomara Monroy', '2026-05-20 23:10:02') ON CONFLICT (project_id, member_name) DO NOTHING;
INSERT INTO project_members (project_id, member_name, added_at) VALUES ('MX-DDD-0006', 'Xiomara Monroy', '2026-05-20 23:10:02') ON CONFLICT (project_id, member_name) DO NOTHING;

